,0,1,2,3,4,5,6,7,8,9,10
0,63.jpg,766.jpg,53.jpg,66.jpg,547.jpg,749.jpg,504.jpg,369.jpg,71.jpg,51.jpg,759.jpg
1,77.jpg,647.jpg,730.jpg,41.jpg,698.jpg,23.jpg,9.jpg,641.jpg,628.jpg,676.jpg,643.jpg
2,638.jpg,132.jpg,223.jpg,574.jpg,717.jpg,560.jpg,581.jpg,770.jpg,486.jpg,58.jpg,540.jpg
3,604.jpg,594.jpg,525.jpg,289.jpg,772.jpg,724.jpg,55.jpg,725.jpg,614.jpg,503.jpg,603.jpg
4,162.jpg,754.jpg,648.jpg,554.jpg,481.jpg,567.jpg,92.jpg,711.jpg,725.jpg,541.jpg,78.jpg
5,88.jpg,79.jpg,630.jpg,688.jpg,506.jpg,733.jpg,23.jpg,493.jpg,553.jpg,431.jpg,585.jpg
6,610.jpg,395.jpg,289.jpg,780.jpg,725.jpg,72.jpg,658.jpg,546.jpg,621.jpg,146.jpg,656.jpg
7,599.jpg,630.jpg,431.jpg,292.jpg,685.jpg,524.jpg,623.jpg,585.jpg,23.jpg,733.jpg,493.jpg
8,228.jpg,574.jpg,770.jpg,58.jpg,132.jpg,419.jpg,581.jpg,638.jpg,543.jpg,223.jpg,743.jpg
9,572.jpg,709.jpg,601.jpg,56.jpg,781.jpg,582.jpg,666.jpg,532.jpg,369.jpg,362.jpg,556.jpg
10,566.jpg,678.jpg,673.jpg,656.jpg,552.jpg,676.jpg,739.jpg,496.jpg,587.jpg,542.jpg,569.jpg
11,758.jpg,578.jpg,734.jpg,619.jpg,146.jpg,656.jpg,552.jpg,569.jpg,616.jpg,587.jpg,111.jpg
12,770.jpg,574.jpg,132.jpg,638.jpg,223.jpg,717.jpg,540.jpg,560.jpg,581.jpg,58.jpg,576.jpg
13,764.jpg,722.jpg,619.jpg,735.jpg,529.jpg,484.jpg,767.jpg,505.jpg,483.jpg,111.jpg,276.jpg
14,765.jpg,739.jpg,276.jpg,542.jpg,60.jpg,619.jpg,485.jpg,640.jpg,641.jpg,478.jpg,19.jpg
15,771.jpg,762.jpg,620.jpg,551.jpg,302.jpg,481.jpg,703.jpg,525.jpg,142.jpg,593.jpg,729.jpg
16,759.jpg,66.jpg,53.jpg,650.jpg,397.jpg,749.jpg,63.jpg,547.jpg,109.jpg,517.jpg,776.jpg
17,567.jpg,92.jpg,331.jpg,656.jpg,552.jpg,710.jpg,648.jpg,276.jpg,558.jpg,456.jpg,724.jpg
18,215.jpg,721.jpg,502.jpg,571.jpg,52.jpg,667.jpg,545.jpg,726.jpg,565.jpg,512.jpg,579.jpg
19,573.jpg,600.jpg,234.jpg,513.jpg,516.jpg,490.jpg,358.jpg,256.jpg,613.jpg,438.jpg,122.jpg
20,598.jpg,623.jpg,782.jpg,767.jpg,739.jpg,19.jpg,756.jpg,735.jpg,276.jpg,331.jpg,646.jpg
21,349.jpg,169.jpg,502.jpg,579.jpg,70.jpg,595.jpg,726.jpg,696.jpg,307.jpg,479.jpg,177.jpg
22,177.jpg,481.jpg,307.jpg,70.jpg,95.jpg,579.jpg,663.jpg,593.jpg,696.jpg,221.jpg,479.jpg
23,611.jpg,52.jpg,512.jpg,520.jpg,269.jpg,769.jpg,666.jpg,600.jpg,336.jpg,716.jpg,362.jpg
24,89.jpg,747.jpg,773.jpg,289.jpg,525.jpg,729.jpg,85.jpg,658.jpg,546.jpg,106.jpg,691.jpg
25,605.jpg,519.jpg,720.jpg,753.jpg,652.jpg,492.jpg,727.jpg,490.jpg,290.jpg,12.jpg,740.jpg
26,639.jpg,83.jpg,577.jpg,544.jpg,530.jpg,518.jpg,781.jpg,693.jpg,695.jpg,284.jpg,712.jpg
27,76.jpg,497.jpg,747.jpg,729.jpg,106.jpg,503.jpg,784.jpg,91.jpg,746.jpg,691.jpg,750.jpg
28,62.jpg,761.jpg,539.jpg,561.jpg,653.jpg,416.jpg,686.jpg,580.jpg,286.jpg,700.jpg,49.jpg
29,74.jpg,642.jpg,675.jpg,612.jpg,561.jpg,700.jpg,698.jpg,761.jpg,676.jpg,23.jpg,585.jpg
30,60.jpg,641.jpg,7.jpg,619.jpg,628.jpg,765.jpg,730.jpg,676.jpg,569.jpg,489.jpg,739.jpg
31,48.jpg,585.jpg,612.jpg,524.jpg,700.jpg,674.jpg,675.jpg,96.jpg,733.jpg,23.jpg,311.jpg
32,613.jpg,490.jpg,260.jpg,667.jpg,12.jpg,122.jpg,727.jpg,256.jpg,600.jpg,565.jpg,778.jpg
33,175.jpg,523.jpg,49.jpg,416.jpg,761.jpg,653.jpg,539.jpg,625.jpg,511.jpg,580.jpg,159.jpg
34,607.jpg,640.jpg,505.jpg,775.jpg,92.jpg,710.jpg,648.jpg,567.jpg,510.jpg,711.jpg,146.jpg
35,405.jpg,648.jpg,558.jpg,456.jpg,65.jpg,331.jpg,596.jpg,510.jpg,567.jpg,671.jpg,281.jpg
36,559.jpg,23.jpg,643.jpg,41.jpg,560.jpg,7.jpg,543.jpg,756.jpg,493.jpg,581.jpg,569.jpg
37,565.jpg,571.jpg,97.jpg,501.jpg,727.jpg,260.jpg,12.jpg,490.jpg,609.jpg,613.jpg,408.jpg
38,571.jpg,565.jpg,12.jpg,501.jpg,727.jpg,97.jpg,122.jpg,490.jpg,260.jpg,667.jpg,613.jpg
39,767.jpg,782.jpg,623.jpg,598.jpg,505.jpg,735.jpg,276.jpg,557.jpg,538.jpg,8.jpg,69.jpg
40,773.jpg,82.jpg,85.jpg,289.jpg,89.jpg,649.jpg,106.jpg,658.jpg,546.jpg,525.jpg,146.jpg
41,772.jpg,289.jpg,525.jpg,614.jpg,747.jpg,780.jpg,594.jpg,89.jpg,658.jpg,546.jpg,607.jpg
42,766.jpg,63.jpg,71.jpg,53.jpg,66.jpg,749.jpg,51.jpg,504.jpg,687.jpg,759.jpg,547.jpg
43,570.jpg,336.jpg,256.jpg,778.jpg,438.jpg,408.jpg,512.jpg,618.jpg,620.jpg,332.jpg,609.jpg
44,564.jpg,482.jpg,764.jpg,8.jpg,437.jpg,505.jpg,767.jpg,754.jpg,644.jpg,140.jpg,538.jpg
45,558.jpg,456.jpg,567.jpg,405.jpg,331.jpg,392.jpg,648.jpg,593.jpg,521.jpg,95.jpg,65.jpg
46,362.jpg,778.jpg,256.jpg,702.jpg,534.jpg,52.jpg,98.jpg,516.jpg,336.jpg,438.jpg,611.jpg
47,438.jpg,600.jpg,512.jpg,256.jpg,570.jpg,545.jpg,778.jpg,362.jpg,649.jpg,516.jpg,726.jpg
48,606.jpg,718.jpg,98.jpg,171.jpg,97.jpg,667.jpg,615.jpg,52.jpg,490.jpg,520.jpg,256.jpg
49,612.jpg,585.jpg,48.jpg,23.jpg,675.jpg,643.jpg,102.jpg,311.jpg,548.jpg,535.jpg,700.jpg
50,49.jpg,523.jpg,175.jpg,761.jpg,159.jpg,653.jpg,539.jpg,416.jpg,511.jpg,625.jpg,580.jpg
51,61.jpg,719.jpg,81.jpg,528.jpg,633.jpg,483.jpg,94.jpg,526.jpg,743.jpg,542.jpg,576.jpg
52,75.jpg,706.jpg,660.jpg,620.jpg,618.jpg,658.jpg,546.jpg,729.jpg,778.jpg,256.jpg,6.jpg
53,59.jpg,617.jpg,535.jpg,286.jpg,561.jpg,548.jpg,9.jpg,761.jpg,700.jpg,539.jpg,580.jpg
54,71.jpg,335.jpg,51.jpg,662.jpg,314.jpg,715.jpg,392.jpg,728.jpg,421.jpg,172.jpg,645.jpg
55,65.jpg,596.jpg,656.jpg,552.jpg,648.jpg,496.jpg,331.jpg,72.jpg,510.jpg,566.jpg,739.jpg
56,616.jpg,587.jpg,569.jpg,678.jpg,734.jpg,619.jpg,676.jpg,684.jpg,489.jpg,735.jpg,178.jpg
57,602.jpg,567.jpg,715.jpg,737.jpg,392.jpg,124.jpg,710.jpg,587.jpg,172.jpg,73.jpg,566.jpg
58,164.jpg,269.jpg,784.jpg,91.jpg,76.jpg,236.jpg,284.jpg,716.jpg,621.jpg,497.jpg,541.jpg
59,560.jpg,223.jpg,132.jpg,581.jpg,733.jpg,717.jpg,643.jpg,514.jpg,540.jpg,485.jpg,574.jpg
60,206.jpg,284.jpg,56.jpg,577.jpg,164.jpg,712.jpg,666.jpg,520.jpg,590.jpg,721.jpg,611.jpg
61,574.jpg,132.jpg,58.jpg,223.jpg,560.jpg,638.jpg,717.jpg,643.jpg,770.jpg,612.jpg,581.jpg
62,548.jpg,416.jpg,761.jpg,539.jpg,286.jpg,700.jpg,580.jpg,653.jpg,561.jpg,625.jpg,686.jpg
63,762.jpg,771.jpg,408.jpg,481.jpg,490.jpg,778.jpg,302.jpg,748.jpg,391.jpg,570.jpg,551.jpg
64,776.jpg,12.jpg,565.jpg,753.jpg,97.jpg,727.jpg,609.jpg,579.jpg,694.jpg,501.jpg,107.jpg
65,777.jpg,8.jpg,69.jpg,783.jpg,586.jpg,488.jpg,508.jpg,254.jpg,493.jpg,57.jpg,557.jpg
66,763.jpg,421.jpg,392.jpg,558.jpg,456.jpg,73.jpg,679.jpg,95.jpg,521.jpg,624.jpg,567.jpg
67,549.jpg,12.jpg,408.jpg,629.jpg,753.jpg,301.jpg,657.jpg,588.jpg,183.jpg,744.jpg,571.jpg
68,575.jpg,701.jpg,680.jpg,476.jpg,765.jpg,493.jpg,69.jpg,783.jpg,543.jpg,560.jpg,736.jpg
69,561.jpg,761.jpg,580.jpg,539.jpg,159.jpg,751.jpg,625.jpg,700.jpg,49.jpg,79.jpg,642.jpg
70,159.jpg,511.jpg,480.jpg,49.jpg,653.jpg,580.jpg,561.jpg,539.jpg,761.jpg,625.jpg,700.jpg
71,603.jpg,503.jpg,525.jpg,497.jpg,621.jpg,747.jpg,199.jpg,555.jpg,289.jpg,658.jpg,546.jpg
72,171.jpg,517.jpg,95.jpg,397.jpg,677.jpg,650.jpg,121.jpg,332.jpg,703.jpg,718.jpg,723.jpg
73,617.jpg,286.jpg,59.jpg,535.jpg,548.jpg,539.jpg,761.jpg,561.jpg,416.jpg,580.jpg,700.jpg
74,64.jpg,647.jpg,641.jpg,77.jpg,730.jpg,60.jpg,710.jpg,628.jpg,7.jpg,646.jpg,484.jpg
75,70.jpg,517.jpg,95.jpg,696.jpg,307.jpg,421.jpg,723.jpg,579.jpg,332.jpg,107.jpg,392.jpg
76,58.jpg,574.jpg,132.jpg,223.jpg,560.jpg,612.jpg,717.jpg,581.jpg,733.jpg,643.jpg,419.jpg
77,8.jpg,586.jpg,508.jpg,254.jpg,777.jpg,140.jpg,782.jpg,767.jpg,69.jpg,783.jpg,538.jpg
78,66.jpg,759.jpg,53.jpg,397.jpg,650.jpg,322.jpg,109.jpg,63.jpg,517.jpg,547.jpg,749.jpg
79,72.jpg,656.jpg,552.jpg,765.jpg,739.jpg,65.jpg,395.jpg,111.jpg,19.jpg,596.jpg,598.jpg
80,167.jpg,562.jpg,162.jpg,78.jpg,592.jpg,481.jpg,655.jpg,67.jpg,708.jpg,541.jpg,696.jpg
81,601.jpg,781.jpg,56.jpg,572.jpg,582.jpg,712.jpg,5.jpg,284.jpg,206.jpg,706.jpg,666.jpg
82,99.jpg,775.jpg,755.jpg,507.jpg,607.jpg,72.jpg,65.jpg,648.jpg,596.jpg,664.jpg,671.jpg
83,615.jpg,690.jpg,520.jpg,716.jpg,778.jpg,512.jpg,611.jpg,336.jpg,618.jpg,256.jpg,362.jpg
84,629.jpg,12.jpg,301.jpg,122.jpg,408.jpg,97.jpg,565.jpg,571.jpg,260.jpg,549.jpg,667.jpg
85,359.jpg,713.jpg,477.jpg,510.jpg,626.jpg,50.jpg,618.jpg,648.jpg,746.jpg,78.jpg,671.jpg
86,588.jpg,12.jpg,667.jpg,694.jpg,571.jpg,579.jpg,613.jpg,744.jpg,666.jpg,595.jpg,549.jpg
87,577.jpg,746.jpg,530.jpg,603.jpg,206.jpg,716.jpg,91.jpg,164.jpg,359.jpg,695.jpg,621.jpg
88,205.jpg,586.jpg,8.jpg,777.jpg,488.jpg,508.jpg,140.jpg,69.jpg,783.jpg,254.jpg,494.jpg
89,563.jpg,172.jpg,699.jpg,73.jpg,94.jpg,392.jpg,592.jpg,602.jpg,722.jpg,710.jpg,60.jpg
90,775.jpg,607.jpg,724.jpg,505.jpg,92.jpg,710.jpg,656.jpg,552.jpg,55.jpg,640.jpg,711.jpg
91,761.jpg,539.jpg,49.jpg,561.jpg,416.jpg,625.jpg,523.jpg,653.jpg,580.jpg,175.jpg,62.jpg
92,749.jpg,547.jpg,728.jpg,53.jpg,121.jpg,314.jpg,681.jpg,650.jpg,608.jpg,171.jpg,517.jpg
93,748.jpg,302.jpg,723.jpg,169.jpg,663.jpg,142.jpg,481.jpg,420.jpg,762.jpg,592.jpg,624.jpg
94,760.jpg,712.jpg,781.jpg,706.jpg,68.jpg,512.jpg,56.jpg,236.jpg,6.jpg,438.jpg,544.jpg
95,774.jpg,695.jpg,530.jpg,518.jpg,682.jpg,648.jpg,596.jpg,78.jpg,724.jpg,593.jpg,405.jpg
96,562.jpg,167.jpg,592.jpg,78.jpg,655.jpg,54.jpg,689.jpg,648.jpg,266.jpg,696.jpg,593.jpg
97,576.jpg,540.jpg,132.jpg,743.jpg,719.jpg,560.jpg,581.jpg,223.jpg,528.jpg,717.jpg,266.jpg
98,589.jpg,770.jpg,96.jpg,132.jpg,574.jpg,228.jpg,266.jpg,392.jpg,576.jpg,738.jpg,674.jpg
99,358.jpg,729.jpg,313.jpg,85.jpg,89.jpg,106.jpg,703.jpg,82.jpg,649.jpg,778.jpg,52.jpg
100,416.jpg,761.jpg,523.jpg,175.jpg,49.jpg,625.jpg,700.jpg,653.jpg,548.jpg,580.jpg,539.jpg
101,628.jpg,41.jpg,676.jpg,23.jpg,7.jpg,678.jpg,553.jpg,60.jpg,698.jpg,756.jpg,311.jpg
102,614.jpg,289.jpg,146.jpg,525.jpg,395.jpg,780.jpg,772.jpg,656.jpg,552.jpg,724.jpg,594.jpg
103,172.jpg,563.jpg,392.jpg,567.jpg,715.jpg,602.jpg,710.jpg,495.jpg,679.jpg,73.jpg,94.jpg
104,98.jpg,52.jpg,718.jpg,362.jpg,534.jpg,256.jpg,269.jpg,516.jpg,600.jpg,448.jpg,606.jpg
105,600.jpg,52.jpg,256.jpg,438.jpg,234.jpg,573.jpg,516.jpg,545.jpg,718.jpg,690.jpg,512.jpg
106,73.jpg,699.jpg,421.jpg,392.jpg,567.jpg,602.jpg,507.jpg,563.jpg,54.jpg,648.jpg,763.jpg
107,199.jpg,555.jpg,603.jpg,503.jpg,525.jpg,661.jpg,773.jpg,658.jpg,546.jpg,742.jpg,313.jpg
108,67.jpg,708.jpg,42.jpg,481.jpg,78.jpg,609.jpg,655.jpg,740.jpg,167.jpg,490.jpg,562.jpg
109,9.jpg,506.jpg,675.jpg,698.jpg,642.jpg,561.jpg,580.jpg,625.jpg,585.jpg,751.jpg,79.jpg
110,698.jpg,9.jpg,642.jpg,506.jpg,751.jpg,561.jpg,675.jpg,688.jpg,79.jpg,23.jpg,585.jpg
111,667.jpg,613.jpg,256.jpg,490.jpg,12.jpg,122.jpg,260.jpg,778.jpg,666.jpg,98.jpg,408.jpg
112,673.jpg,756.jpg,676.jpg,678.jpg,566.jpg,739.jpg,19.jpg,7.jpg,628.jpg,641.jpg,569.jpg
113,539.jpg,653.jpg,761.jpg,49.jpg,580.jpg,511.jpg,561.jpg,159.jpg,286.jpg,523.jpg,416.jpg
114,511.jpg,480.jpg,159.jpg,49.jpg,653.jpg,539.jpg,761.jpg,561.jpg,523.jpg,580.jpg,175.jpg
115,505.jpg,782.jpg,767.jpg,538.jpg,92.jpg,111.jpg,598.jpg,711.jpg,276.jpg,754.jpg,607.jpg
116,713.jpg,477.jpg,50.jpg,359.jpg,626.jpg,746.jpg,671.jpg,78.jpg,648.jpg,672.jpg,618.jpg
117,707.jpg,584.jpg,711.jpg,497.jpg,754.jpg,482.jpg,775.jpg,76.jpg,92.jpg,162.jpg,505.jpg
118,706.jpg,236.jpg,658.jpg,546.jpg,497.jpg,56.jpg,712.jpg,75.jpg,729.jpg,76.jpg,742.jpg
119,712.jpg,236.jpg,781.jpg,706.jpg,56.jpg,544.jpg,164.jpg,284.jpg,269.jpg,512.jpg,666.jpg
120,504.jpg,749.jpg,547.jpg,490.jpg,668.jpg,121.jpg,757.jpg,314.jpg,63.jpg,728.jpg,391.jpg
121,510.jpg,281.jpg,648.jpg,505.jpg,496.jpg,640.jpg,331.jpg,656.jpg,552.jpg,146.jpg,276.jpg
122,276.jpg,739.jpg,735.jpg,542.jpg,619.jpg,514.jpg,623.jpg,765.jpg,767.jpg,598.jpg,782.jpg
123,538.jpg,782.jpg,505.jpg,767.jpg,598.jpg,623.jpg,92.jpg,8.jpg,276.jpg,111.jpg,140.jpg
124,289.jpg,772.jpg,658.jpg,546.jpg,525.jpg,614.jpg,773.jpg,610.jpg,747.jpg,594.jpg,89.jpg
125,316.jpg,495.jpg,526.jpg,78.jpg,81.jpg,719.jpg,85.jpg,82.jpg,592.jpg,541.jpg,567.jpg
126,302.jpg,671.jpg,620.jpg,54.jpg,648.jpg,94.jpg,755.jpg,142.jpg,50.jpg,477.jpg,703.jpg
127,672.jpg,82.jpg,746.jpg,85.jpg,477.jpg,713.jpg,359.jpg,50.jpg,649.jpg,106.jpg,618.jpg
128,666.jpg,56.jpg,520.jpg,611.jpg,712.jpg,667.jpg,284.jpg,781.jpg,52.jpg,206.jpg,706.jpg
129,699.jpg,73.jpg,563.jpg,94.jpg,620.jpg,392.jpg,660.jpg,703.jpg,602.jpg,172.jpg,567.jpg
130,658.jpg,546.jpg,289.jpg,747.jpg,729.jpg,503.jpg,89.jpg,773.jpg,497.jpg,610.jpg,525.jpg
131,670.jpg,76.jpg,644.jpg,491.jpg,221.jpg,784.jpg,768.jpg,5.jpg,284.jpg,56.jpg,497.jpg
132,664.jpg,72.jpg,596.jpg,656.jpg,552.jpg,119.jpg,65.jpg,281.jpg,755.jpg,542.jpg,671.jpg
133,102.jpg,585.jpg,761.jpg,539.jpg,580.jpg,286.jpg,561.jpg,612.jpg,700.jpg,675.jpg,617.jpg
134,499.jpg,582.jpg,301.jpg,533.jpg,744.jpg,694.jpg,532.jpg,683.jpg,84.jpg,692.jpg,549.jpg
135,314.jpg,51.jpg,728.jpg,522.jpg,715.jpg,172.jpg,563.jpg,421.jpg,73.jpg,662.jpg,687.jpg
136,506.jpg,9.jpg,675.jpg,580.jpg,642.jpg,751.jpg,561.jpg,625.jpg,79.jpg,700.jpg,698.jpg
137,260.jpg,613.jpg,12.jpg,727.jpg,490.jpg,565.jpg,501.jpg,122.jpg,667.jpg,609.jpg,571.jpg
138,512.jpg,438.jpg,611.jpg,570.jpg,256.jpg,336.jpg,545.jpg,600.jpg,778.jpg,716.jpg,712.jpg
139,738.jpg,543.jpg,493.jpg,635.jpg,643.jpg,674.jpg,57.jpg,697.jpg,704.jpg,48.jpg,535.jpg
140,704.jpg,543.jpg,493.jpg,643.jpg,560.jpg,680.jpg,738.jpg,535.jpg,48.jpg,57.jpg,553.jpg
141,710.jpg,484.jpg,567.jpg,60.jpg,724.jpg,656.jpg,552.jpg,780.jpg,92.jpg,735.jpg,765.jpg
142,711.jpg,505.jpg,92.jpg,782.jpg,510.jpg,754.jpg,538.jpg,607.jpg,648.jpg,331.jpg,656.jpg
143,705.jpg,87.jpg,127.jpg,488.jpg,205.jpg,711.jpg,538.jpg,586.jpg,782.jpg,754.jpg,494.jpg
144,739.jpg,756.jpg,276.jpg,514.jpg,619.jpg,485.jpg,623.jpg,19.jpg,735.jpg,7.jpg,598.jpg
145,513.jpg,592.jpg,633.jpg,78.jpg,420.jpg,316.jpg,495.jpg,719.jpg,562.jpg,526.jpg,85.jpg
146,507.jpg,575.jpg,656.jpg,552.jpg,92.jpg,648.jpg,765.jpg,542.jpg,65.jpg,596.jpg,476.jpg
147,301.jpg,97.jpg,629.jpg,501.jpg,609.jpg,12.jpg,408.jpg,565.jpg,606.jpg,369.jpg,98.jpg
148,498.jpg,777.jpg,697.jpg,69.jpg,783.jpg,482.jpg,494.jpg,476.jpg,701.jpg,557.jpg,493.jpg
149,665.jpg,266.jpg,496.jpg,756.jpg,576.jpg,743.jpg,7.jpg,739.jpg,19.jpg,57.jpg,575.jpg
150,671.jpg,648.jpg,92.jpg,281.jpg,510.jpg,331.jpg,65.jpg,755.jpg,656.jpg,552.jpg,119.jpg
151,659.jpg,781.jpg,68.jpg,712.jpg,408.jpg,760.jpg,570.jpg,622.jpg,83.jpg,518.jpg,6.jpg
152,12.jpg,260.jpg,571.jpg,613.jpg,565.jpg,490.jpg,727.jpg,549.jpg,667.jpg,501.jpg,629.jpg
153,675.jpg,506.jpg,9.jpg,700.jpg,580.jpg,642.jpg,561.jpg,585.jpg,686.jpg,548.jpg,761.jpg
154,107.jpg,579.jpg,517.jpg,307.jpg,723.jpg,70.jpg,609.jpg,42.jpg,718.jpg,490.jpg,95.jpg
155,661.jpg,82.jpg,106.jpg,85.jpg,503.jpg,52.jpg,649.jpg,773.jpg,658.jpg,546.jpg,526.jpg
156,649.jpg,85.jpg,82.jpg,773.jpg,106.jpg,78.jpg,690.jpg,729.jpg,618.jpg,256.jpg,592.jpg
157,488.jpg,777.jpg,8.jpg,586.jpg,508.jpg,645.jpg,254.jpg,697.jpg,205.jpg,331.jpg,550.jpg
158,311.jpg,23.jpg,524.jpg,585.jpg,612.jpg,48.jpg,431.jpg,7.jpg,643.jpg,292.jpg,733.jpg
159,477.jpg,50.jpg,713.jpg,359.jpg,626.jpg,671.jpg,648.jpg,746.jpg,78.jpg,672.jpg,510.jpg
160,503.jpg,603.jpg,525.jpg,658.jpg,546.jpg,747.jpg,289.jpg,497.jpg,106.jpg,621.jpg,76.jpg
161,517.jpg,171.jpg,677.jpg,95.jpg,70.jpg,723.jpg,718.jpg,121.jpg,421.jpg,107.jpg,579.jpg
162,701.jpg,575.jpg,680.jpg,476.jpg,531.jpg,736.jpg,493.jpg,752.jpg,553.jpg,57.jpg,69.jpg
163,715.jpg,392.jpg,602.jpg,679.jpg,172.jpg,662.jpg,124.jpg,567.jpg,635.jpg,73.jpg,495.jpg
164,729.jpg,658.jpg,546.jpg,289.jpg,89.jpg,703.jpg,747.jpg,106.jpg,76.jpg,358.jpg,660.jpg
165,728.jpg,749.jpg,314.jpg,73.jpg,699.jpg,547.jpg,715.jpg,563.jpg,392.jpg,421.jpg,51.jpg
166,714.jpg,667.jpg,595.jpg,122.jpg,533.jpg,408.jpg,6.jpg,609.jpg,709.jpg,588.jpg,629.jpg
167,700.jpg,416.jpg,761.jpg,561.jpg,580.jpg,585.jpg,548.jpg,539.jpg,159.jpg,675.jpg,653.jpg
168,516.jpg,600.jpg,534.jpg,591.jpg,256.jpg,362.jpg,52.jpg,234.jpg,702.jpg,98.jpg,690.jpg
169,502.jpg,98.jpg,571.jpg,520.jpg,52.jpg,666.jpg,215.jpg,362.jpg,667.jpg,545.jpg,778.jpg
170,476.jpg,689.jpg,575.jpg,701.jpg,640.jpg,483.jpg,69.jpg,783.jpg,581.jpg,510.jpg,57.jpg
171,489.jpg,619.jpg,569.jpg,178.jpg,678.jpg,756.jpg,739.jpg,676.jpg,735.jpg,623.jpg,485.jpg
172,648.jpg,510.jpg,92.jpg,567.jpg,65.jpg,596.jpg,656.jpg,552.jpg,593.jpg,331.jpg,405.jpg
173,106.jpg,82.jpg,85.jpg,146.jpg,525.jpg,722.jpg,691.jpg,729.jpg,773.jpg,313.jpg,89.jpg
174,660.jpg,729.jpg,89.jpg,289.jpg,772.jpg,722.jpg,699.jpg,649.jpg,658.jpg,546.jpg,703.jpg
175,674.jpg,48.jpg,680.jpg,493.jpg,96.jpg,643.jpg,553.jpg,585.jpg,524.jpg,292.jpg,543.jpg
176,689.jpg,476.jpg,719.jpg,510.jpg,640.jpg,266.jpg,483.jpg,526.jpg,576.jpg,743.jpg,276.jpg
177,662.jpg,392.jpg,635.jpg,521.jpg,715.jpg,41.jpg,421.jpg,674.jpg,124.jpg,335.jpg,697.jpg
178,676.jpg,678.jpg,756.jpg,628.jpg,673.jpg,178.jpg,489.jpg,569.jpg,23.jpg,7.jpg,74.jpg
179,448.jpg,534.jpg,98.jpg,52.jpg,362.jpg,591.jpg,512.jpg,600.jpg,661.jpg,611.jpg,438.jpg
180,272.jpg,650.jpg,391.jpg,608.jpg,579.jpg,517.jpg,408.jpg,547.jpg,677.jpg,183.jpg,121.jpg
181,514.jpg,717.jpg,540.jpg,739.jpg,560.jpg,223.jpg,733.jpg,485.jpg,581.jpg,543.jpg,623.jpg
182,500.jpg,537.jpg,81.jpg,597.jpg,61.jpg,690.jpg,526.jpg,85.jpg,633.jpg,719.jpg,773.jpg
183,266.jpg,57.jpg,493.jpg,576.jpg,560.jpg,674.jpg,743.jpg,680.jpg,540.jpg,543.jpg,7.jpg
184,528.jpg,483.jpg,719.jpg,529.jpg,717.jpg,581.jpg,132.jpg,576.jpg,540.jpg,638.jpg,223.jpg
185,716.jpg,746.jpg,621.jpg,541.jpg,91.jpg,713.jpg,164.jpg,477.jpg,78.jpg,481.jpg,50.jpg
186,702.jpg,256.jpg,778.jpg,362.jpg,52.jpg,516.jpg,729.jpg,98.jpg,667.jpg,649.jpg,358.jpg
187,703.jpg,729.jpg,620.jpg,78.jpg,592.jpg,658.jpg,546.jpg,497.jpg,699.jpg,723.jpg,358.jpg
188,717.jpg,223.jpg,132.jpg,581.jpg,560.jpg,540.jpg,514.jpg,733.jpg,529.jpg,638.jpg,574.jpg
189,529.jpg,483.jpg,717.jpg,528.jpg,132.jpg,581.jpg,223.jpg,560.jpg,540.jpg,514.jpg,543.jpg
190,501.jpg,565.jpg,260.jpg,571.jpg,12.jpg,97.jpg,301.jpg,727.jpg,629.jpg,718.jpg,579.jpg
191,515.jpg,737.jpg,678.jpg,124.jpg,673.jpg,566.jpg,676.jpg,602.jpg,635.jpg,587.jpg,637.jpg
192,313.jpg,106.jpg,358.jpg,82.jpg,85.jpg,658.jpg,546.jpg,89.jpg,503.jpg,773.jpg,729.jpg
193,307.jpg,70.jpg,107.jpg,177.jpg,332.jpg,655.jpg,579.jpg,723.jpg,95.jpg,740.jpg,593.jpg
194,111.jpg,92.jpg,505.jpg,619.jpg,656.jpg,552.jpg,735.jpg,782.jpg,276.jpg,281.jpg,739.jpg
195,677.jpg,681.jpg,517.jpg,73.jpg,95.jpg,171.jpg,392.jpg,421.jpg,405.jpg,78.jpg,618.jpg
196,663.jpg,481.jpg,626.jpg,142.jpg,593.jpg,624.jpg,54.jpg,554.jpg,477.jpg,713.jpg,655.jpg
197,688.jpg,159.jpg,79.jpg,585.jpg,700.jpg,561.jpg,506.jpg,580.jpg,480.jpg,642.jpg,524.jpg
198,685.jpg,524.jpg,480.jpg,585.jpg,599.jpg,630.jpg,561.jpg,79.jpg,159.jpg,700.jpg,292.jpg
199,691.jpg,594.jpg,722.jpg,747.jpg,146.jpg,780.jpg,106.jpg,764.jpg,82.jpg,750.jpg,525.jpg
200,646.jpg,598.jpg,55.jpg,484.jpg,767.jpg,735.jpg,782.jpg,623.jpg,19.jpg,641.jpg,505.jpg
201,652.jpg,290.jpg,519.jpg,720.jpg,605.jpg,42.jpg,107.jpg,753.jpg,776.jpg,740.jpg,490.jpg
202,487.jpg,777.jpg,57.jpg,493.jpg,697.jpg,266.jpg,69.jpg,783.jpg,553.jpg,88.jpg,630.jpg
203,493.jpg,630.jpg,680.jpg,543.jpg,69.jpg,783.jpg,553.jpg,57.jpg,643.jpg,599.jpg,292.jpg
204,478.jpg,485.jpg,739.jpg,493.jpg,178.jpg,7.jpg,598.jpg,623.jpg,276.jpg,765.jpg,543.jpg
205,322.jpg,517.jpg,397.jpg,95.jpg,70.jpg,171.jpg,579.jpg,609.jpg,763.jpg,718.jpg,679.jpg
206,336.jpg,618.jpg,570.jpg,778.jpg,256.jpg,690.jpg,746.jpg,512.jpg,199.jpg,555.jpg,362.jpg
207,450.jpg,12.jpg,757.jpg,301.jpg,549.jpg,501.jpg,606.jpg,183.jpg,499.jpg,260.jpg,536.jpg
208,281.jpg,510.jpg,276.jpg,111.jpg,538.jpg,146.jpg,526.jpg,505.jpg,656.jpg,552.jpg,640.jpg
209,518.jpg,551.jpg,695.jpg,530.jpg,774.jpg,609.jpg,236.jpg,603.jpg,95.jpg,336.jpg,481.jpg
210,530.jpg,695.jpg,621.jpg,359.jpg,626.jpg,774.jpg,725.jpg,603.jpg,682.jpg,618.jpg,405.jpg
211,256.jpg,778.jpg,600.jpg,702.jpg,649.jpg,362.jpg,78.jpg,570.jpg,438.jpg,618.jpg,52.jpg
212,524.jpg,685.jpg,585.jpg,292.jpg,700.jpg,79.jpg,599.jpg,630.jpg,480.jpg,561.jpg,733.jpg
213,732.jpg,636.jpg,618.jpg,234.jpg,256.jpg,690.jpg,649.jpg,677.jpg,693.jpg,78.jpg,336.jpg
214,726.jpg,438.jpg,512.jpg,667.jpg,579.jpg,332.jpg,256.jpg,609.jpg,600.jpg,408.jpg,570.jpg
215,727.jpg,260.jpg,565.jpg,490.jpg,571.jpg,12.jpg,694.jpg,613.jpg,122.jpg,609.jpg,501.jpg
216,733.jpg,686.jpg,560.jpg,223.jpg,23.jpg,524.jpg,630.jpg,643.jpg,431.jpg,585.jpg,675.jpg
217,525.jpg,146.jpg,289.jpg,503.jpg,724.jpg,603.jpg,614.jpg,106.jpg,89.jpg,772.jpg,747.jpg
218,531.jpg,736.jpg,701.jpg,575.jpg,553.jpg,680.jpg,41.jpg,88.jpg,506.jpg,9.jpg,493.jpg
219,519.jpg,605.jpg,720.jpg,753.jpg,652.jpg,492.jpg,490.jpg,12.jpg,579.jpg,290.jpg,107.jpg
220,479.jpg,696.jpg,567.jpg,54.jpg,754.jpg,648.jpg,508.jpg,495.jpg,142.jpg,541.jpg,92.jpg
221,492.jpg,519.jpg,720.jpg,753.jpg,605.jpg,652.jpg,748.jpg,490.jpg,657.jpg,12.jpg,84.jpg
222,486.jpg,686.jpg,535.jpg,733.jpg,580.jpg,223.jpg,9.jpg,286.jpg,548.jpg,675.jpg,62.jpg
223,653.jpg,539.jpg,49.jpg,761.jpg,511.jpg,159.jpg,416.jpg,175.jpg,523.jpg,580.jpg,480.jpg
224,121.jpg,718.jpg,608.jpg,517.jpg,171.jpg,650.jpg,256.jpg,391.jpg,490.jpg,677.jpg,547.jpg
225,647.jpg,641.jpg,77.jpg,23.jpg,7.jpg,730.jpg,698.jpg,311.jpg,628.jpg,41.jpg,676.jpg
226,109.jpg,654.jpg,776.jpg,397.jpg,66.jpg,753.jpg,12.jpg,650.jpg,84.jpg,408.jpg,97.jpg
227,690.jpg,649.jpg,52.jpg,778.jpg,336.jpg,85.jpg,618.jpg,256.jpg,600.jpg,234.jpg,773.jpg
228,684.jpg,587.jpg,489.jpg,734.jpg,178.jpg,616.jpg,745.jpg,124.jpg,569.jpg,619.jpg,527.jpg
229,692.jpg,706.jpg,497.jpg,56.jpg,582.jpg,518.jpg,236.jpg,75.jpg,369.jpg,712.jpg,6.jpg
230,686.jpg,733.jpg,539.jpg,580.jpg,761.jpg,561.jpg,653.jpg,62.jpg,700.jpg,486.jpg,548.jpg
231,679.jpg,392.jpg,715.jpg,521.jpg,723.jpg,602.jpg,73.jpg,172.jpg,558.jpg,456.jpg,763.jpg
232,651.jpg,70.jpg,169.jpg,421.jpg,748.jpg,723.jpg,51.jpg,696.jpg,95.jpg,307.jpg,54.jpg
233,645.jpg,488.jpg,586.jpg,254.jpg,777.jpg,8.jpg,697.jpg,508.jpg,738.jpg,599.jpg,630.jpg
234,490.jpg,613.jpg,260.jpg,727.jpg,42.jpg,12.jpg,565.jpg,667.jpg,571.jpg,391.jpg,609.jpg
235,484.jpg,735.jpg,646.jpg,619.jpg,710.jpg,756.jpg,60.jpg,641.jpg,598.jpg,55.jpg,739.jpg
236,335.jpg,559.jpg,41.jpg,697.jpg,662.jpg,731.jpg,88.jpg,557.jpg,493.jpg,630.jpg,553.jpg
237,269.jpg,164.jpg,611.jpg,52.jpg,236.jpg,98.jpg,712.jpg,256.jpg,362.jpg,541.jpg,716.jpg
238,527.jpg,745.jpg,587.jpg,684.jpg,178.jpg,124.jpg,616.jpg,489.jpg,678.jpg,93.jpg,569.jpg
239,533.jpg,499.jpg,595.jpg,667.jpg,714.jpg,694.jpg,776.jpg,12.jpg,588.jpg,579.jpg,657.jpg
240,719.jpg,528.jpg,483.jpg,576.jpg,81.jpg,743.jpg,581.jpg,61.jpg,419.jpg,540.jpg,132.jpg
241,725.jpg,395.jpg,656.jpg,552.jpg,621.jpg,146.jpg,724.jpg,567.jpg,331.jpg,92.jpg,505.jpg
242,731.jpg,557.jpg,767.jpg,628.jpg,598.jpg,623.jpg,630.jpg,69.jpg,783.jpg,493.jpg,553.jpg
243,730.jpg,641.jpg,7.jpg,60.jpg,676.jpg,77.jpg,178.jpg,485.jpg,23.jpg,311.jpg,643.jpg
244,724.jpg,656.jpg,552.jpg,710.jpg,567.jpg,146.jpg,775.jpg,566.jpg,758.jpg,525.jpg,725.jpg
245,718.jpg,121.jpg,517.jpg,98.jpg,256.jpg,600.jpg,579.jpg,606.jpg,97.jpg,171.jpg,332.jpg
246,254.jpg,586.jpg,8.jpg,508.jpg,777.jpg,140.jpg,767.jpg,599.jpg,69.jpg,783.jpg,557.jpg
247,532.jpg,582.jpg,744.jpg,683.jpg,667.jpg,369.jpg,666.jpg,499.jpg,556.jpg,757.jpg,301.jpg
248,526.jpg,81.jpg,719.jpg,483.jpg,85.jpg,281.jpg,82.jpg,633.jpg,528.jpg,276.jpg,146.jpg
249,485.jpg,560.jpg,23.jpg,643.jpg,223.jpg,7.jpg,739.jpg,717.jpg,311.jpg,581.jpg,733.jpg
250,491.jpg,221.jpg,644.jpg,670.jpg,746.jpg,584.jpg,784.jpg,91.jpg,76.jpg,707.jpg,284.jpg
251,644.jpg,784.jpg,221.jpg,91.jpg,564.jpg,482.jpg,491.jpg,670.jpg,76.jpg,707.jpg,584.jpg
252,122.jpg,408.jpg,629.jpg,613.jpg,571.jpg,12.jpg,260.jpg,667.jpg,565.jpg,727.jpg,256.jpg
253,650.jpg,171.jpg,121.jpg,547.jpg,517.jpg,53.jpg,608.jpg,397.jpg,565.jpg,749.jpg,677.jpg
254,678.jpg,676.jpg,569.jpg,489.jpg,628.jpg,619.jpg,756.jpg,673.jpg,566.jpg,587.jpg,178.jpg
255,687.jpg,316.jpg,78.jpg,495.jpg,649.jpg,85.jpg,82.jpg,52.jpg,517.jpg,592.jpg,541.jpg
256,693.jpg,636.jpg,618.jpg,336.jpg,732.jpg,778.jpg,359.jpg,570.jpg,256.jpg,695.jpg,75.jpg
257,23.jpg,311.jpg,585.jpg,79.jpg,630.jpg,7.jpg,733.jpg,643.jpg,524.jpg,561.jpg,431.jpg
258,697.jpg,493.jpg,69.jpg,783.jpg,553.jpg,550.jpg,331.jpg,292.jpg,630.jpg,674.jpg,680.jpg
259,683.jpg,582.jpg,532.jpg,744.jpg,499.jpg,68.jpg,556.jpg,183.jpg,12.jpg,549.jpg,601.jpg
260,654.jpg,95.jpg,517.jpg,6.jpg,397.jpg,609.jpg,421.jpg,75.jpg,408.jpg,655.jpg,593.jpg
261,132.jpg,223.jpg,717.jpg,574.jpg,581.jpg,560.jpg,638.jpg,58.jpg,540.jpg,643.jpg,733.jpg
262,640.jpg,765.jpg,607.jpg,505.jpg,276.jpg,510.jpg,92.jpg,598.jpg,476.jpg,281.jpg,619.jpg
263,668.jpg,748.jpg,504.jpg,779.jpg,762.jpg,720.jpg,391.jpg,490.jpg,667.jpg,613.jpg,519.jpg
264,495.jpg,316.jpg,567.jpg,78.jpg,526.jpg,146.jpg,592.jpg,648.jpg,276.jpg,142.jpg,54.jpg
265,481.jpg,162.jpg,78.jpg,541.jpg,554.jpg,551.jpg,696.jpg,716.jpg,655.jpg,703.jpg,593.jpg
266,558.jpg,456.jpg,567.jpg,405.jpg,331.jpg,392.jpg,648.jpg,593.jpg,521.jpg,95.jpg,65.jpg
267,522.jpg,266.jpg,777.jpg,57.jpg,487.jpg,8.jpg,767.jpg,140.jpg,508.jpg,754.jpg,69.jpg
268,536.jpg,301.jpg,606.jpg,744.jpg,499.jpg,768.jpg,532.jpg,582.jpg,12.jpg,666.jpg,694.jpg
269,720.jpg,519.jpg,605.jpg,490.jpg,492.jpg,42.jpg,652.jpg,748.jpg,762.jpg,740.jpg,307.jpg
270,734.jpg,735.jpg,578.jpg,782.jpg,598.jpg,758.jpg,619.jpg,55.jpg,484.jpg,767.jpg,616.jpg
271,67.jpg,708.jpg,42.jpg,481.jpg,78.jpg,609.jpg,655.jpg,740.jpg,167.jpg,490.jpg,562.jpg
272,709.jpg,666.jpg,572.jpg,369.jpg,56.jpg,532.jpg,667.jpg,534.jpg,438.jpg,706.jpg,362.jpg
273,735.jpg,619.jpg,739.jpg,276.jpg,489.jpg,767.jpg,598.jpg,484.jpg,641.jpg,734.jpg,623.jpg
274,721.jpg,221.jpg,746.jpg,206.jpg,716.jpg,520.jpg,91.jpg,590.jpg,164.jpg,491.jpg,611.jpg
275,537.jpg,85.jpg,234.jpg,61.jpg,719.jpg,81.jpg,82.jpg,689.jpg,526.jpg,649.jpg,633.jpg
276,523.jpg,175.jpg,49.jpg,416.jpg,761.jpg,625.jpg,653.jpg,539.jpg,511.jpg,159.jpg,580.jpg
277,292.jpg,524.jpg,599.jpg,630.jpg,685.jpg,585.jpg,23.jpg,431.jpg,493.jpg,733.jpg,623.jpg
278,286.jpg,539.jpg,617.jpg,761.jpg,548.jpg,535.jpg,561.jpg,580.jpg,416.jpg,653.jpg,625.jpg
279,331.jpg,598.jpg,739.jpg,19.jpg,656.jpg,552.jpg,567.jpg,276.jpg,92.jpg,782.jpg,623.jpg
280,480.jpg,511.jpg,159.jpg,653.jpg,49.jpg,539.jpg,561.jpg,580.jpg,685.jpg,761.jpg,700.jpg
281,494.jpg,69.jpg,783.jpg,331.jpg,782.jpg,538.jpg,550.jpg,598.jpg,510.jpg,777.jpg,505.jpg
282,669.jpg,302.jpg,779.jpg,713.jpg,477.jpg,663.jpg,50.jpg,671.jpg,620.jpg,359.jpg,636.jpg
283,127.jpg,488.jpg,87.jpg,754.jpg,584.jpg,705.jpg,711.jpg,707.jpg,479.jpg,586.jpg,8.jpg
284,641.jpg,7.jpg,730.jpg,60.jpg,756.jpg,739.jpg,647.jpg,485.jpg,23.jpg,676.jpg,311.jpg
285,655.jpg,593.jpg,78.jpg,95.jpg,562.jpg,54.jpg,648.jpg,696.jpg,723.jpg,592.jpg,554.jpg
286,682.jpg,695.jpg,596.jpg,65.jpg,510.jpg,146.jpg,496.jpg,648.jpg,405.jpg,656.jpg,552.jpg
287,696.jpg,479.jpg,54.jpg,78.jpg,495.jpg,567.jpg,95.jpg,648.jpg,593.jpg,592.jpg,655.jpg
288,680.jpg,493.jpg,553.jpg,733.jpg,643.jpg,48.jpg,675.jpg,674.jpg,543.jpg,560.jpg,9.jpg
289,694.jpg,727.jpg,12.jpg,588.jpg,595.jpg,260.jpg,657.jpg,84.jpg,571.jpg,609.jpg,301.jpg
290,24.jpg,595.jpg,609.jpg,518.jpg,408.jpg,579.jpg,97.jpg,726.jpg,776.jpg,397.jpg,332.jpg
291,643.jpg,543.jpg,535.jpg,23.jpg,733.jpg,560.jpg,223.jpg,612.jpg,493.jpg,680.jpg,585.jpg
292,657.jpg,12.jpg,549.jpg,694.jpg,753.jpg,588.jpg,260.jpg,727.jpg,613.jpg,490.jpg,667.jpg
293,119.jpg,395.jpg,656.jpg,552.jpg,281.jpg,72.jpg,510.jpg,111.jpg,65.jpg,92.jpg,596.jpg
294,482.jpg,437.jpg,564.jpg,8.jpg,754.jpg,777.jpg,505.jpg,586.jpg,140.jpg,711.jpg,498.jpg
295,496.jpg,739.jpg,542.jpg,276.jpg,566.jpg,756.jpg,19.jpg,514.jpg,543.jpg,743.jpg,331.jpg
296,290.jpg,652.jpg,519.jpg,605.jpg,42.jpg,720.jpg,107.jpg,490.jpg,776.jpg,753.jpg,727.jpg
297,284.jpg,56.jpg,164.jpg,206.jpg,712.jpg,706.jpg,666.jpg,784.jpg,577.jpg,768.jpg,76.jpg
298,535.jpg,286.jpg,617.jpg,59.jpg,643.jpg,548.jpg,686.jpg,561.jpg,486.jpg,539.jpg,9.jpg
299,521.jpg,392.jpg,558.jpg,456.jpg,679.jpg,662.jpg,96.jpg,635.jpg,567.jpg,674.jpg,331.jpg
300,509.jpg,228.jpg,633.jpg,719.jpg,770.jpg,94.jpg,528.jpg,81.jpg,132.jpg,61.jpg,419.jpg
301,737.jpg,515.jpg,678.jpg,124.jpg,566.jpg,602.jpg,587.jpg,616.jpg,676.jpg,567.jpg,635.jpg
302,723.jpg,95.jpg,679.jpg,624.jpg,655.jpg,517.jpg,703.jpg,142.jpg,421.jpg,696.jpg,70.jpg
303,722.jpg,764.jpg,82.jpg,735.jpg,691.jpg,146.jpg,276.jpg,780.jpg,542.jpg,85.jpg,619.jpg
304,736.jpg,9.jpg,41.jpg,642.jpg,506.jpg,698.jpg,675.jpg,553.jpg,680.jpg,531.jpg,628.jpg
305,508.jpg,8.jpg,586.jpg,777.jpg,254.jpg,767.jpg,782.jpg,488.jpg,623.jpg,140.jpg,331.jpg
306,520.jpg,611.jpg,666.jpg,52.jpg,615.jpg,716.jpg,56.jpg,769.jpg,206.jpg,362.jpg,712.jpg
307,534.jpg,591.jpg,52.jpg,448.jpg,362.jpg,516.jpg,98.jpg,600.jpg,702.jpg,256.jpg,661.jpg
308,332.jpg,609.jpg,570.jpg,171.jpg,78.jpg,718.jpg,307.jpg,517.jpg,70.jpg,677.jpg,97.jpg
309,497.jpg,747.jpg,603.jpg,76.jpg,658.jpg,546.jpg,503.jpg,289.jpg,729.jpg,236.jpg,706.jpg
310,483.jpg,528.jpg,529.jpg,717.jpg,719.jpg,581.jpg,132.jpg,540.jpg,81.jpg,576.jpg,223.jpg
311,656.jpg,552.jpg,92.jpg,566.jpg,111.jpg,72.jpg,276.jpg,739.jpg,596.jpg,146.jpg,331.jpg
312,642.jpg,561.jpg,751.jpg,506.jpg,9.jpg,675.jpg,698.jpg,79.jpg,761.jpg,580.jpg,625.jpg
313,124.jpg,635.jpg,587.jpg,678.jpg,569.jpg,673.jpg,566.jpg,178.jpg,489.jpg,676.jpg,7.jpg
314,695.jpg,530.jpg,682.jpg,626.jpg,774.jpg,405.jpg,359.jpg,725.jpg,618.jpg,596.jpg,648.jpg
315,19.jpg,739.jpg,756.jpg,598.jpg,641.jpg,623.jpg,628.jpg,7.jpg,673.jpg,276.jpg,765.jpg
316,681.jpg,677.jpg,392.jpg,517.jpg,589.jpg,171.jpg,608.jpg,121.jpg,73.jpg,421.jpg,563.jpg
317,42.jpg,490.jpg,67.jpg,708.jpg,481.jpg,107.jpg,655.jpg,740.jpg,307.jpg,609.jpg,723.jpg
318,56.jpg,284.jpg,666.jpg,706.jpg,712.jpg,781.jpg,206.jpg,768.jpg,236.jpg,520.jpg,164.jpg
319,81.jpg,719.jpg,483.jpg,526.jpg,528.jpg,61.jpg,419.jpg,576.jpg,581.jpg,633.jpg,717.jpg
320,619.jpg,489.jpg,569.jpg,735.jpg,739.jpg,542.jpg,276.jpg,678.jpg,756.jpg,60.jpg,178.jpg
321,95.jpg,593.jpg,421.jpg,558.jpg,456.jpg,723.jpg,78.jpg,655.jpg,696.jpg,517.jpg,70.jpg
322,625.jpg,580.jpg,49.jpg,416.jpg,761.jpg,751.jpg,523.jpg,561.jpg,175.jpg,539.jpg,159.jpg
323,631.jpg,543.jpg,496.jpg,48.jpg,19.jpg,676.jpg,643.jpg,674.jpg,673.jpg,756.jpg,739.jpg
324,369.jpg,362.jpg,667.jpg,666.jpg,301.jpg,692.jpg,629.jpg,98.jpg,532.jpg,56.jpg,709.jpg
325,590.jpg,269.jpg,164.jpg,206.jpg,611.jpg,721.jpg,666.jpg,520.jpg,712.jpg,284.jpg,667.jpg
326,584.jpg,707.jpg,76.jpg,497.jpg,127.jpg,221.jpg,162.jpg,746.jpg,754.jpg,164.jpg,91.jpg
327,553.jpg,680.jpg,493.jpg,79.jpg,506.jpg,9.jpg,88.jpg,698.jpg,23.jpg,643.jpg,630.jpg
328,547.jpg,749.jpg,650.jpg,53.jpg,728.jpg,121.jpg,517.jpg,608.jpg,171.jpg,677.jpg,679.jpg
329,221.jpg,644.jpg,491.jpg,746.jpg,721.jpg,91.jpg,584.jpg,784.jpg,670.jpg,707.jpg,76.jpg
330,779.jpg,669.jpg,748.jpg,762.jpg,302.jpg,771.jpg,663.jpg,549.jpg,481.jpg,668.jpg,651.jpg
331,751.jpg,625.jpg,561.jpg,580.jpg,642.jpg,761.jpg,49.jpg,506.jpg,159.jpg,416.jpg,523.jpg
332,745.jpg,642.jpg,79.jpg,561.jpg,178.jpg,23.jpg,685.jpg,524.jpg,585.jpg,311.jpg,630.jpg
333,744.jpg,532.jpg,588.jpg,582.jpg,549.jpg,683.jpg,499.jpg,694.jpg,301.jpg,536.jpg,629.jpg
334,750.jpg,691.jpg,525.jpg,594.jpg,747.jpg,106.jpg,729.jpg,146.jpg,289.jpg,658.jpg,546.jpg
335,778.jpg,256.jpg,362.jpg,702.jpg,336.jpg,570.jpg,703.jpg,729.jpg,52.jpg,690.jpg,618.jpg
336,658.jpg,546.jpg,289.jpg,747.jpg,729.jpg,503.jpg,89.jpg,773.jpg,497.jpg,610.jpg,525.jpg
337,234.jpg,600.jpg,537.jpg,649.jpg,256.jpg,573.jpg,85.jpg,690.jpg,516.jpg,592.jpg,78.jpg
338,656.jpg,552.jpg,92.jpg,566.jpg,111.jpg,72.jpg,276.jpg,739.jpg,596.jpg,146.jpg,331.jpg
339,585.jpg,700.jpg,524.jpg,561.jpg,79.jpg,685.jpg,580.jpg,688.jpg,761.jpg,102.jpg,675.jpg
340,591.jpg,534.jpg,516.jpg,52.jpg,600.jpg,661.jpg,313.jpg,362.jpg,649.jpg,438.jpg,690.jpg
341,397.jpg,171.jpg,322.jpg,95.jpg,608.jpg,517.jpg,97.jpg,66.jpg,650.jpg,332.jpg,53.jpg
342,630.jpg,599.jpg,292.jpg,431.jpg,685.jpg,493.jpg,79.jpg,524.jpg,23.jpg,88.jpg,733.jpg
343,624.jpg,142.jpg,54.jpg,635.jpg,558.jpg,456.jpg,723.jpg,567.jpg,738.jpg,593.jpg,763.jpg
344,142.jpg,624.jpg,567.jpg,54.jpg,648.jpg,635.jpg,592.jpg,738.jpg,495.jpg,488.jpg,754.jpg
345,94.jpg,633.jpg,276.jpg,496.jpg,542.jpg,146.jpg,719.jpg,755.jpg,739.jpg,743.jpg,765.jpg
346,618.jpg,78.jpg,359.jpg,648.jpg,85.jpg,336.jpg,82.jpg,649.jpg,405.jpg,695.jpg,729.jpg
347,80.jpg,637.jpg,93.jpg,758.jpg,737.jpg,566.jpg,614.jpg,616.jpg,678.jpg,741.jpg,724.jpg
348,5.jpg,712.jpg,56.jpg,284.jpg,670.jpg,706.jpg,768.jpg,692.jpg,556.jpg,491.jpg,221.jpg
349,57.jpg,493.jpg,266.jpg,69.jpg,783.jpg,680.jpg,550.jpg,630.jpg,599.jpg,7.jpg,543.jpg
350,55.jpg,646.jpg,734.jpg,484.jpg,780.jpg,395.jpg,710.jpg,505.jpg,735.jpg,594.jpg,724.jpg
351,7.jpg,23.jpg,641.jpg,756.jpg,311.jpg,485.jpg,739.jpg,623.jpg,643.jpg,628.jpg,178.jpg
352,41.jpg,9.jpg,23.jpg,698.jpg,628.jpg,736.jpg,553.jpg,675.jpg,643.jpg,642.jpg,506.jpg
353,69.jpg,783.jpg,493.jpg,140.jpg,630.jpg,550.jpg,543.jpg,57.jpg,623.jpg,557.jpg,599.jpg
354,183.jpg,408.jpg,12.jpg,549.jpg,75.jpg,122.jpg,570.jpg,629.jpg,391.jpg,778.jpg,260.jpg
355,96.jpg,48.jpg,286.jpg,585.jpg,524.jpg,674.jpg,700.jpg,535.jpg,612.jpg,102.jpg,617.jpg
356,82.jpg,85.jpg,106.jpg,773.jpg,649.jpg,722.jpg,526.jpg,146.jpg,661.jpg,281.jpg,691.jpg
357,632.jpg,679.jpg,322.jpg,650.jpg,397.jpg,171.jpg,723.jpg,517.jpg,66.jpg,107.jpg,547.jpg
358,140.jpg,69.jpg,783.jpg,8.jpg,782.jpg,767.jpg,623.jpg,550.jpg,586.jpg,538.jpg,505.jpg
359,626.jpg,695.jpg,359.jpg,510.jpg,671.jpg,405.jpg,713.jpg,648.jpg,477.jpg,331.jpg,50.jpg
360,395.jpg,119.jpg,735.jpg,656.jpg,552.jpg,780.jpg,146.jpg,72.jpg,610.jpg,725.jpg,646.jpg
361,342.jpg,491.jpg,221.jpg,721.jpg,5.jpg,177.jpg,84.jpg,206.jpg,657.jpg,588.jpg,670.jpg
362,587.jpg,616.jpg,678.jpg,569.jpg,676.jpg,124.jpg,489.jpg,566.jpg,178.jpg,684.jpg,619.jpg
363,593.jpg,648.jpg,655.jpg,95.jpg,78.jpg,567.jpg,558.jpg,456.jpg,54.jpg,86.jpg,405.jpg
364,578.jpg,734.jpg,758.jpg,587.jpg,616.jpg,782.jpg,619.jpg,505.jpg,735.jpg,598.jpg,767.jpg
365,544.jpg,236.jpg,712.jpg,164.jpg,621.jpg,603.jpg,706.jpg,518.jpg,497.jpg,577.jpg,284.jpg
366,550.jpg,623.jpg,493.jpg,599.jpg,292.jpg,630.jpg,69.jpg,783.jpg,431.jpg,57.jpg,680.jpg
367,236.jpg,706.jpg,658.jpg,546.jpg,712.jpg,497.jpg,544.jpg,503.jpg,164.jpg,76.jpg,621.jpg
368,746.jpg,716.jpg,713.jpg,359.jpg,672.jpg,477.jpg,76.jpg,91.jpg,50.jpg,618.jpg,603.jpg
369,752.jpg,680.jpg,493.jpg,697.jpg,543.jpg,48.jpg,550.jpg,553.jpg,674.jpg,701.jpg,19.jpg
370,753.jpg,12.jpg,519.jpg,549.jpg,776.jpg,629.jpg,657.jpg,260.jpg,490.jpg,605.jpg,565.jpg
371,747.jpg,658.jpg,546.jpg,289.jpg,691.jpg,497.jpg,89.jpg,594.jpg,525.jpg,76.jpg,729.jpg
372,784.jpg,91.jpg,76.jpg,644.jpg,164.jpg,564.jpg,746.jpg,716.jpg,661.jpg,497.jpg,221.jpg
373,551.jpg,162.jpg,518.jpg,481.jpg,497.jpg,525.jpg,603.jpg,593.jpg,236.jpg,746.jpg,621.jpg
374,223.jpg,717.jpg,132.jpg,560.jpg,581.jpg,733.jpg,638.jpg,574.jpg,540.jpg,58.jpg,643.jpg
375,545.jpg,600.jpg,438.jpg,512.jpg,52.jpg,516.jpg,649.jpg,256.jpg,420.jpg,769.jpg,778.jpg
376,579.jpg,107.jpg,718.jpg,517.jpg,609.jpg,70.jpg,12.jpg,307.jpg,726.jpg,723.jpg,490.jpg
377,592.jpg,78.jpg,648.jpg,513.jpg,495.jpg,562.jpg,85.jpg,567.jpg,142.jpg,94.jpg,689.jpg
378,586.jpg,8.jpg,254.jpg,508.jpg,777.jpg,140.jpg,782.jpg,205.jpg,767.jpg,488.jpg,69.jpg
379,431.jpg,599.jpg,630.jpg,524.jpg,733.jpg,23.jpg,623.jpg,292.jpg,685.jpg,311.jpg,88.jpg
380,419.jpg,581.jpg,223.jpg,132.jpg,717.jpg,560.jpg,58.jpg,574.jpg,514.jpg,540.jpg,719.jpg
381,627.jpg,599.jpg,630.jpg,431.jpg,623.jpg,23.jpg,311.jpg,685.jpg,745.jpg,292.jpg,524.jpg
382,633.jpg,94.jpg,526.jpg,719.jpg,61.jpg,276.jpg,528.jpg,81.jpg,496.jpg,146.jpg,542.jpg
383,83.jpg,639.jpg,577.jpg,544.jpg,530.jpg,712.jpg,284.jpg,164.jpg,695.jpg,518.jpg,236.jpg
384,97.jpg,565.jpg,301.jpg,609.jpg,718.jpg,571.jpg,408.jpg,501.jpg,171.jpg,332.jpg,606.jpg
385,169.jpg,479.jpg,70.jpg,696.jpg,54.jpg,748.jpg,771.jpg,723.jpg,95.jpg,481.jpg,593.jpg
386,68.jpg,6.jpg,781.jpg,760.jpg,712.jpg,659.jpg,408.jpg,582.jpg,683.jpg,56.jpg,706.jpg
387,54.jpg,567.jpg,232.jpg,142.jpg,648.jpg,331.jpg,94.jpg,593.jpg,710.jpg,276.jpg,624.jpg
388,6.jpg,706.jpg,75.jpg,518.jpg,712.jpg,408.jpg,618.jpg,68.jpg,609.jpg,611.jpg,256.jpg
389,78.jpg,648.jpg,592.jpg,618.jpg,593.jpg,495.jpg,655.jpg,405.jpg,649.jpg,95.jpg,696.jpg
390,50.jpg,477.jpg,713.jpg,359.jpg,671.jpg,626.jpg,648.jpg,78.jpg,746.jpg,672.jpg,510.jpg
391,637.jpg,80.jpg,93.jpg,737.jpg,515.jpg,616.jpg,602.jpg,566.jpg,758.jpg,678.jpg,724.jpg
392,623.jpg,598.jpg,599.jpg,431.jpg,630.jpg,782.jpg,767.jpg,292.jpg,550.jpg,739.jpg,311.jpg
393,93.jpg,616.jpg,527.jpg,80.jpg,758.jpg,587.jpg,637.jpg,678.jpg,569.jpg,737.jpg,741.jpg
394,87.jpg,488.jpg,711.jpg,754.jpg,758.jpg,734.jpg,578.jpg,782.jpg,505.jpg,8.jpg,777.jpg
395,421.jpg,51.jpg,95.jpg,73.jpg,763.jpg,392.jpg,593.jpg,54.jpg,662.jpg,558.jpg,456.jpg
396,582.jpg,499.jpg,532.jpg,692.jpg,683.jpg,56.jpg,781.jpg,301.jpg,84.jpg,666.jpg,601.jpg
397,596.jpg,65.jpg,656.jpg,552.jpg,648.jpg,496.jpg,72.jpg,510.jpg,146.jpg,566.jpg,542.jpg
398,541.jpg,716.jpg,481.jpg,162.jpg,479.jpg,316.jpg,696.jpg,754.jpg,78.jpg,495.jpg,164.jpg
399,199.jpg,555.jpg,603.jpg,503.jpg,525.jpg,661.jpg,773.jpg,658.jpg,546.jpg,742.jpg,313.jpg
400,569.jpg,619.jpg,489.jpg,678.jpg,178.jpg,756.jpg,676.jpg,739.jpg,542.jpg,587.jpg,7.jpg
401,780.jpg,735.jpg,594.jpg,484.jpg,92.jpg,111.jpg,710.jpg,395.jpg,656.jpg,552.jpg,505.jpg
402,743.jpg,542.jpg,576.jpg,581.jpg,132.jpg,560.jpg,58.jpg,719.jpg,739.jpg,7.jpg,276.jpg
403,757.jpg,532.jpg,450.jpg,369.jpg,301.jpg,629.jpg,667.jpg,744.jpg,121.jpg,504.jpg,650.jpg
404,756.jpg,739.jpg,7.jpg,676.jpg,673.jpg,178.jpg,23.jpg,569.jpg,489.jpg,641.jpg,678.jpg
405,742.jpg,658.jpg,546.jpg,706.jpg,603.jpg,199.jpg,555.jpg,236.jpg,289.jpg,503.jpg,772.jpg
406,781.jpg,712.jpg,56.jpg,601.jpg,666.jpg,659.jpg,760.jpg,236.jpg,68.jpg,706.jpg,611.jpg
407,568.jpg,583.jpg,55.jpg,646.jpg,780.jpg,725.jpg,484.jpg,647.jpg,505.jpg,594.jpg,641.jpg
408,232.jpg,266.jpg,674.jpg,493.jpg,54.jpg,69.jpg,783.jpg,57.jpg,476.jpg,576.jpg,276.jpg
409,554.jpg,754.jpg,711.jpg,162.jpg,648.jpg,593.jpg,505.jpg,777.jpg,437.jpg,725.jpg,78.jpg
410,540.jpg,223.jpg,717.jpg,514.jpg,560.jpg,132.jpg,576.jpg,581.jpg,574.jpg,643.jpg,638.jpg
411,597.jpg,526.jpg,85.jpg,140.jpg,281.jpg,640.jpg,146.jpg,82.jpg,81.jpg,633.jpg,542.jpg
412,583.jpg,568.jpg,55.jpg,646.jpg,64.jpg,647.jpg,484.jpg,780.jpg,641.jpg,594.jpg,710.jpg
413,408.jpg,609.jpg,570.jpg,97.jpg,122.jpg,12.jpg,336.jpg,667.jpg,565.jpg,549.jpg,629.jpg
414,420.jpg,592.jpg,513.jpg,316.jpg,633.jpg,78.jpg,649.jpg,526.jpg,85.jpg,142.jpg,81.jpg
415,391.jpg,490.jpg,121.jpg,613.jpg,408.jpg,778.jpg,570.jpg,573.jpg,762.jpg,718.jpg,608.jpg
416,86.jpg,593.jpg,648.jpg,567.jpg,711.jpg,607.jpg,754.jpg,710.jpg,92.jpg,507.jpg,162.jpg
417,178.jpg,489.jpg,756.jpg,676.jpg,569.jpg,23.jpg,7.jpg,745.jpg,485.jpg,311.jpg,619.jpg
418,92.jpg,656.jpg,552.jpg,505.jpg,111.jpg,567.jpg,276.jpg,782.jpg,331.jpg,735.jpg,538.jpg
419,622.jpg,236.jpg,544.jpg,712.jpg,164.jpg,512.jpg,716.jpg,781.jpg,621.jpg,56.jpg,269.jpg
420,636.jpg,618.jpg,732.jpg,693.jpg,672.jpg,256.jpg,359.jpg,778.jpg,99.jpg,649.jpg,336.jpg
421,51.jpg,421.jpg,662.jpg,73.jpg,392.jpg,95.jpg,314.jpg,172.jpg,517.jpg,763.jpg,715.jpg
422,79.jpg,561.jpg,585.jpg,688.jpg,642.jpg,506.jpg,580.jpg,159.jpg,524.jpg,88.jpg,23.jpg
423,53.jpg,66.jpg,517.jpg,749.jpg,547.jpg,650.jpg,397.jpg,171.jpg,759.jpg,51.jpg,677.jpg
424,146.jpg,656.jpg,552.jpg,276.jpg,525.jpg,735.jpg,281.jpg,758.jpg,92.jpg,510.jpg,395.jpg
425,620.jpg,703.jpg,94.jpg,302.jpg,699.jpg,671.jpg,713.jpg,50.jpg,477.jpg,405.jpg,73.jpg
426,634.jpg,690.jpg,516.jpg,501.jpg,615.jpg,500.jpg,332.jpg,608.jpg,565.jpg,260.jpg,600.jpg
427,84.jpg,595.jpg,408.jpg,609.jpg,12.jpg,582.jpg,692.jpg,481.jpg,588.jpg,712.jpg,694.jpg
428,608.jpg,121.jpg,718.jpg,517.jpg,332.jpg,397.jpg,171.jpg,650.jpg,677.jpg,681.jpg,570.jpg
429,90.jpg,232.jpg,493.jpg,680.jpg,697.jpg,643.jpg,553.jpg,543.jpg,496.jpg,674.jpg,704.jpg
430,595.jpg,84.jpg,609.jpg,694.jpg,408.jpg,12.jpg,579.jpg,588.jpg,667.jpg,260.jpg,533.jpg
431,581.jpg,132.jpg,560.jpg,223.jpg,717.jpg,419.jpg,485.jpg,540.jpg,574.jpg,643.jpg,514.jpg
432,556.jpg,56.jpg,5.jpg,362.jpg,532.jpg,712.jpg,6.jpg,284.jpg,666.jpg,369.jpg,520.jpg
433,542.jpg,743.jpg,619.jpg,739.jpg,276.jpg,569.jpg,765.jpg,496.jpg,581.jpg,60.jpg,566.jpg
434,69.jpg,783.jpg,493.jpg,140.jpg,630.jpg,550.jpg,543.jpg,57.jpg,623.jpg,557.jpg,599.jpg
435,754.jpg,505.jpg,782.jpg,8.jpg,711.jpg,538.jpg,92.jpg,567.jpg,777.jpg,554.jpg,767.jpg
436,740.jpg,67.jpg,708.jpg,307.jpg,42.jpg,490.jpg,579.jpg,332.jpg,613.jpg,107.jpg,726.jpg
437,768.jpg,56.jpg,284.jpg,670.jpg,712.jpg,666.jpg,5.jpg,784.jpg,491.jpg,520.jpg,706.jpg
438,769.jpg,52.jpg,611.jpg,600.jpg,520.jpg,690.jpg,545.jpg,534.jpg,615.jpg,661.jpg,613.jpg
439,741.jpg,616.jpg,587.jpg,93.jpg,527.jpg,737.jpg,684.jpg,724.jpg,678.jpg,566.jpg,775.jpg
440,755.jpg,72.jpg,65.jpg,765.jpg,94.jpg,507.jpg,596.jpg,671.jpg,276.jpg,656.jpg,552.jpg
441,782.jpg,538.jpg,505.jpg,623.jpg,598.jpg,767.jpg,276.jpg,8.jpg,140.jpg,92.jpg,734.jpg
442,543.jpg,643.jpg,493.jpg,733.jpg,560.jpg,680.jpg,132.jpg,223.jpg,630.jpg,23.jpg,717.jpg
443,557.jpg,731.jpg,69.jpg,783.jpg,767.jpg,630.jpg,598.jpg,623.jpg,493.jpg,505.jpg,599.jpg
444,580.jpg,625.jpg,561.jpg,761.jpg,539.jpg,159.jpg,49.jpg,416.jpg,653.jpg,751.jpg,700.jpg
445,594.jpg,780.jpg,691.jpg,55.jpg,289.jpg,725.jpg,747.jpg,395.jpg,525.jpg,484.jpg,146.jpg
446,437.jpg,482.jpg,586.jpg,8.jpg,777.jpg,754.jpg,205.jpg,254.jpg,508.jpg,554.jpg,140.jpg
447,392.jpg,679.jpg,715.jpg,567.jpg,558.jpg,456.jpg,73.jpg,172.jpg,521.jpg,662.jpg,602.jpg
448,91.jpg,784.jpg,76.jpg,746.jpg,164.jpg,716.jpg,644.jpg,672.jpg,661.jpg,359.jpg,564.jpg
449,609.jpg,408.jpg,97.jpg,332.jpg,518.jpg,579.jpg,570.jpg,718.jpg,565.jpg,260.jpg,481.jpg
450,85.jpg,82.jpg,106.jpg,649.jpg,526.jpg,773.jpg,146.jpg,722.jpg,281.jpg,89.jpg,618.jpg
451,635.jpg,124.jpg,738.jpg,587.jpg,676.jpg,673.jpg,678.jpg,566.jpg,697.jpg,489.jpg,569.jpg
452,621.jpg,725.jpg,530.jpg,603.jpg,610.jpg,146.jpg,281.jpg,711.jpg,503.jpg,538.jpg,716.jpg
453,52.jpg,769.jpg,600.jpg,534.jpg,611.jpg,661.jpg,256.jpg,98.jpg,362.jpg,702.jpg,690.jpg
