,0,1,2,3,4,5,6,7,8,9
0,102.jpg,521.jpg,48.jpg,79.jpg,700.jpg,561.jpg,761.jpg,585.jpg,266.jpg,175.jpg
1,106.jpg,525.jpg,528.jpg,641.jpg,735.jpg,767.jpg,647.jpg,85.jpg,782.jpg,646.jpg
2,107.jpg,421.jpg,609.jpg,517.jpg,570.jpg,520.jpg,307.jpg,52.jpg,600.jpg,301.jpg
3,109.jpg,693.jpg,622.jpg,41.jpg,272.jpg,71.jpg,96.jpg,612.jpg,634.jpg,639.jpg
4,111.jpg,51.jpg,62.jpg,276.jpg,644.jpg,542.jpg,747.jpg,234.jpg,763.jpg,515.jpg
5,119.jpg,83.jpg,88.jpg,728.jpg,539.jpg,314.jpg,639.jpg,313.jpg,634.jpg,654.jpg
6,12.jpg,517.jpg,520.jpg,667.jpg,107.jpg,122.jpg,52.jpg,666.jpg,613.jpg,609.jpg
7,121.jpg,66.jpg,391.jpg,609.jpg,332.jpg,517.jpg,626.jpg,759.jpg,421.jpg,438.jpg
8,122.jpg,778.jpg,362.jpg,517.jpg,609.jpg,12.jpg,520.jpg,600.jpg,667.jpg,6.jpg
9,124.jpg,635.jpg,698.jpg,647.jpg,587.jpg,665.jpg,74.jpg,646.jpg,8.jpg,673.jpg
10,127.jpg,524.jpg,599.jpg,734.jpg,431.jpg,586.jpg,538.jpg,696.jpg,272.jpg,488.jpg
11,132.jpg,560.jpg,576.jpg,419.jpg,223.jpg,674.jpg,281.jpg,638.jpg,719.jpg,486.jpg
12,140.jpg,529.jpg,737.jpg,642.jpg,493.jpg,688.jpg,483.jpg,627.jpg,599.jpg,69.jpg
13,142.jpg,266.jpg,729.jpg,550.jpg,316.jpg,515.jpg,619.jpg,738.jpg,656.jpg,552.jpg
14,146.jpg,525.jpg,641.jpg,623.jpg,503.jpg,171.jpg,456.jpg,558.jpg,735.jpg,748.jpg
15,159.jpg,521.jpg,645.jpg,688.jpg,627.jpg,23.jpg,511.jpg,480.jpg,585.jpg,506.jpg
16,162.jpg,704.jpg,739.jpg,359.jpg,142.jpg,711.jpg,269.jpg,539.jpg,567.jpg,92.jpg
17,164.jpg,550.jpg,627.jpg,529.jpg,142.jpg,521.jpg,482.jpg,91.jpg,541.jpg,83.jpg
18,167.jpg,521.jpg,740.jpg,608.jpg,506.jpg,697.jpg,544.jpg,48.jpg,640.jpg,611.jpg
19,169.jpg,730.jpg,70.jpg,677.jpg,697.jpg,665.jpg,479.jpg,618.jpg,676.jpg,539.jpg
20,171.jpg,503.jpg,679.jpg,496.jpg,521.jpg,735.jpg,95.jpg,518.jpg,405.jpg,624.jpg
21,172.jpg,756.jpg,266.jpg,63.jpg,761.jpg,625.jpg,289.jpg,316.jpg,772.jpg,484.jpg
22,175.jpg,523.jpg,49.jpg,653.jpg,761.jpg,62.jpg,548.jpg,96.jpg,431.jpg,511.jpg
23,177.jpg,608.jpg,397.jpg,743.jpg,57.jpg,696.jpg,738.jpg,266.jpg,550.jpg,476.jpg
24,178.jpg,734.jpg,627.jpg,529.jpg,41.jpg,697.jpg,478.jpg,698.jpg,737.jpg,514.jpg
25,183.jpg,757.jpg,572.jpg,332.jpg,284.jpg,336.jpg,778.jpg,122.jpg,97.jpg,669.jpg
26,19.jpg,548.jpg,331.jpg,496.jpg,616.jpg,543.jpg,544.jpg,524.jpg,485.jpg,682.jpg
27,555.jpg,199.jpg,521.jpg,506.jpg,769.jpg,682.jpg,662.jpg,416.jpg,661.jpg,597.jpg
28,205.jpg,480.jpg,544.jpg,705.jpg,599.jpg,254.jpg,488.jpg,708.jpg,67.jpg,684.jpg
29,206.jpg,52.jpg,68.jpg,570.jpg,301.jpg,478.jpg,502.jpg,391.jpg,107.jpg,600.jpg
30,215.jpg,721.jpg,639.jpg,625.jpg,662.jpg,756.jpg,369.jpg,634.jpg,611.jpg,736.jpg
31,221.jpg,71.jpg,314.jpg,482.jpg,88.jpg,749.jpg,612.jpg,109.jpg,777.jpg,584.jpg
32,223.jpg,560.jpg,576.jpg,419.jpg,575.jpg,638.jpg,580.jpg,486.jpg,717.jpg,483.jpg
33,228.jpg,419.jpg,509.jpg,574.jpg,495.jpg,527.jpg,638.jpg,58.jpg,681.jpg,514.jpg
34,23.jpg,7.jpg,159.jpg,561.jpg,60.jpg,697.jpg,758.jpg,521.jpg,736.jpg,619.jpg
35,232.jpg,476.jpg,90.jpg,617.jpg,621.jpg,266.jpg,606.jpg,579.jpg,696.jpg,316.jpg
36,234.jpg,302.jpg,680.jpg,686.jpg,392.jpg,612.jpg,281.jpg,559.jpg,719.jpg,232.jpg
37,236.jpg,289.jpg,696.jpg,606.jpg,739.jpg,621.jpg,703.jpg,643.jpg,76.jpg,81.jpg
38,24.jpg,48.jpg,607.jpg,610.jpg,513.jpg,761.jpg,593.jpg,561.jpg,558.jpg,456.jpg
39,254.jpg,586.jpg,8.jpg,599.jpg,684.jpg,627.jpg,437.jpg,87.jpg,480.jpg,522.jpg
40,256.jpg,600.jpg,609.jpg,545.jpg,570.jpg,52.jpg,667.jpg,613.jpg,606.jpg,589.jpg
41,260.jpg,501.jpg,613.jpg,669.jpg,520.jpg,52.jpg,600.jpg,609.jpg,107.jpg,301.jpg
42,266.jpg,738.jpg,529.jpg,476.jpg,550.jpg,483.jpg,743.jpg,696.jpg,585.jpg,48.jpg
43,269.jpg,776.jpg,359.jpg,740.jpg,680.jpg,652.jpg,550.jpg,142.jpg,539.jpg,448.jpg
44,272.jpg,634.jpg,522.jpg,127.jpg,705.jpg,254.jpg,728.jpg,437.jpg,704.jpg,737.jpg
45,276.jpg,767.jpg,628.jpg,678.jpg,766.jpg,598.jpg,525.jpg,566.jpg,656.jpg,552.jpg
46,281.jpg,132.jpg,674.jpg,560.jpg,234.jpg,479.jpg,680.jpg,232.jpg,704.jpg,576.jpg
47,284.jpg,56.jpg,556.jpg,582.jpg,438.jpg,667.jpg,12.jpg,666.jpg,536.jpg,609.jpg
48,286.jpg,524.jpg,175.jpg,635.jpg,96.jpg,548.jpg,589.jpg,715.jpg,679.jpg,579.jpg
49,289.jpg,772.jpg,558.jpg,456.jpg,551.jpg,172.jpg,236.jpg,606.jpg,703.jpg,63.jpg
50,290.jpg,652.jpg,759.jpg,391.jpg,762.jpg,753.jpg,609.jpg,662.jpg,421.jpg,301.jpg
51,292.jpg,646.jpg,645.jpg,599.jpg,587.jpg,623.jpg,745.jpg,159.jpg,480.jpg,656.jpg
52,301.jpg,609.jpg,501.jpg,570.jpg,391.jpg,762.jpg,613.jpg,107.jpg,6.jpg,520.jpg
53,302.jpg,548.jpg,535.jpg,539.jpg,704.jpg,234.jpg,559.jpg,739.jpg,581.jpg,431.jpg
54,307.jpg,421.jpg,652.jpg,609.jpg,107.jpg,95.jpg,90.jpg,626.jpg,397.jpg,752.jpg
55,311.jpg,578.jpg,511.jpg,96.jpg,521.jpg,688.jpg,416.jpg,159.jpg,662.jpg,627.jpg
56,313.jpg,358.jpg,722.jpg,88.jpg,431.jpg,483.jpg,522.jpg,691.jpg,484.jpg,569.jpg
57,314.jpg,483.jpg,486.jpg,559.jpg,529.jpg,592.jpg,420.jpg,719.jpg,581.jpg,539.jpg
58,316.jpg,589.jpg,548.jpg,612.jpg,96.jpg,621.jpg,686.jpg,608.jpg,232.jpg,738.jpg
59,322.jpg,763.jpg,579.jpg,679.jpg,316.jpg,621.jpg,718.jpg,41.jpg,754.jpg,51.jpg
60,331.jpg,19.jpg,506.jpg,159.jpg,724.jpg,521.jpg,587.jpg,623.jpg,731.jpg,80.jpg
61,332.jpg,391.jpg,626.jpg,421.jpg,97.jpg,66.jpg,759.jpg,6.jpg,107.jpg,609.jpg
62,335.jpg,71.jpg,697.jpg,640.jpg,522.jpg,484.jpg,688.jpg,41.jpg,662.jpg,737.jpg
63,336.jpg,97.jpg,720.jpg,332.jpg,58.jpg,391.jpg,574.jpg,421.jpg,519.jpg,90.jpg
64,342.jpg,362.jpg,609.jpg,644.jpg,12.jpg,666.jpg,744.jpg,517.jpg,753.jpg,518.jpg
65,349.jpg,169.jpg,24.jpg,301.jpg,521.jpg,585.jpg,730.jpg,479.jpg,695.jpg,502.jpg
66,358.jpg,313.jpg,722.jpg,479.jpg,729.jpg,664.jpg,710.jpg,676.jpg,735.jpg,765.jpg
67,359.jpg,674.jpg,269.jpg,704.jpg,752.jpg,680.jpg,162.jpg,611.jpg,510.jpg,654.jpg
68,362.jpg,122.jpg,609.jpg,600.jpg,667.jpg,517.jpg,778.jpg,520.jpg,438.jpg,301.jpg
69,369.jpg,301.jpg,513.jpg,421.jpg,607.jpg,662.jpg,687.jpg,606.jpg,562.jpg,762.jpg
70,391.jpg,759.jpg,66.jpg,421.jpg,332.jpg,608.jpg,609.jpg,301.jpg,6.jpg,97.jpg
71,392.jpg,679.jpg,619.jpg,607.jpg,612.jpg,142.jpg,316.jpg,592.jpg,489.jpg,479.jpg
72,395.jpg,735.jpg,754.jpg,579.jpg,538.jpg,734.jpg,691.jpg,19.jpg,322.jpg,54.jpg
73,397.jpg,608.jpg,759.jpg,90.jpg,66.jpg,740.jpg,307.jpg,652.jpg,316.jpg,177.jpg
74,405.jpg,506.jpg,496.jpg,521.jpg,48.jpg,96.jpg,416.jpg,558.jpg,456.jpg,700.jpg
75,408.jpg,519.jpg,725.jpg,667.jpg,97.jpg,94.jpg,609.jpg,95.jpg,122.jpg,590.jpg
76,41.jpg,642.jpg,612.jpg,178.jpg,529.jpg,688.jpg,697.jpg,763.jpg,698.jpg,515.jpg
77,416.jpg,521.jpg,686.jpg,96.jpg,653.jpg,700.jpg,506.jpg,733.jpg,661.jpg,627.jpg
78,419.jpg,638.jpg,74.jpg,223.jpg,574.jpg,535.jpg,560.jpg,486.jpg,596.jpg,65.jpg
79,42.jpg,608.jpg,66.jpg,391.jpg,550.jpg,697.jpg,107.jpg,96.jpg,609.jpg,665.jpg
80,420.jpg,526.jpg,510.jpg,719.jpg,483.jpg,81.jpg,680.jpg,717.jpg,57.jpg,550.jpg
81,421.jpg,107.jpg,66.jpg,517.jpg,391.jpg,307.jpg,90.jpg,609.jpg,332.jpg,95.jpg
82,431.jpg,62.jpg,569.jpg,88.jpg,523.jpg,599.jpg,485.jpg,612.jpg,524.jpg,676.jpg
83,437.jpg,586.jpg,254.jpg,599.jpg,684.jpg,8.jpg,87.jpg,524.jpg,751.jpg,480.jpg
84,438.jpg,609.jpg,545.jpg,600.jpg,570.jpg,534.jpg,606.jpg,301.jpg,448.jpg,6.jpg
85,448.jpg,98.jpg,759.jpg,740.jpg,661.jpg,621.jpg,502.jpg,605.jpg,534.jpg,81.jpg
86,450.jpg,536.jpg,517.jpg,6.jpg,666.jpg,778.jpg,97.jpg,609.jpg,68.jpg,391.jpg
87,558.jpg,456.jpg,606.jpg,553.jpg,503.jpg,625.jpg,63.jpg,761.jpg,289.jpg,658.jpg
88,476.jpg,266.jpg,48.jpg,232.jpg,640.jpg,608.jpg,510.jpg,738.jpg,733.jpg,541.jpg
89,477.jpg,50.jpg,713.jpg,752.jpg,537.jpg,626.jpg,98.jpg,307.jpg,90.jpg,421.jpg
90,478.jpg,550.jpg,700.jpg,178.jpg,733.jpg,96.jpg,266.jpg,48.jpg,640.jpg,521.jpg
91,479.jpg,539.jpg,266.jpg,679.jpg,675.jpg,748.jpg,503.jpg,142.jpg,607.jpg,765.jpg
92,48.jpg,521.jpg,700.jpg,496.jpg,95.jpg,476.jpg,102.jpg,617.jpg,96.jpg,506.jpg
93,480.jpg,599.jpg,745.jpg,511.jpg,8.jpg,254.jpg,586.jpg,87.jpg,527.jpg,74.jpg
94,481.jpg,704.jpg,562.jpg,576.jpg,560.jpg,764.jpg,611.jpg,526.jpg,70.jpg,680.jpg
95,482.jpg,612.jpg,88.jpg,552.jpg,656.jpg,627.jpg,529.jpg,164.jpg,734.jpg,756.jpg
96,483.jpg,529.jpg,486.jpg,314.jpg,266.jpg,81.jpg,540.jpg,420.jpg,526.jpg,592.jpg
97,484.jpg,736.jpg,756.jpg,489.jpg,140.jpg,559.jpg,487.jpg,172.jpg,711.jpg,691.jpg
98,485.jpg,780.jpg,431.jpg,710.jpg,548.jpg,676.jpg,616.jpg,543.jpg,664.jpg,72.jpg
99,486.jpg,483.jpg,529.jpg,535.jpg,559.jpg,419.jpg,314.jpg,638.jpg,223.jpg,540.jpg
100,487.jpg,49.jpg,523.jpg,688.jpg,529.jpg,175.jpg,697.jpg,737.jpg,642.jpg,653.jpg
101,488.jpg,586.jpg,48.jpg,599.jpg,645.jpg,521.jpg,437.jpg,511.jpg,127.jpg,524.jpg
102,489.jpg,619.jpg,743.jpg,505.jpg,484.jpg,529.jpg,569.jpg,722.jpg,642.jpg,431.jpg
103,49.jpg,523.jpg,175.jpg,653.jpg,511.jpg,761.jpg,487.jpg,561.jpg,642.jpg,756.jpg
104,490.jpg,565.jpg,512.jpg,661.jpg,266.jpg,687.jpg,592.jpg,107.jpg,649.jpg,621.jpg
105,491.jpg,450.jpg,768.jpg,517.jpg,56.jpg,659.jpg,534.jpg,545.jpg,536.jpg,12.jpg
106,492.jpg,742.jpg,769.jpg,236.jpg,502.jpg,774.jpg,762.jpg,369.jpg,448.jpg,562.jpg
107,493.jpg,783.jpg,69.jpg,140.jpg,627.jpg,254.jpg,550.jpg,508.jpg,700.jpg,8.jpg
108,494.jpg,733.jpg,682.jpg,416.jpg,686.jpg,544.jpg,83.jpg,622.jpg,783.jpg,69.jpg
109,495.jpg,717.jpg,612.jpg,638.jpg,681.jpg,623.jpg,782.jpg,228.jpg,81.jpg,627.jpg
110,496.jpg,48.jpg,95.jpg,675.jpg,405.jpg,514.jpg,674.jpg,67.jpg,708.jpg,19.jpg
111,497.jpg,678.jpg,479.jpg,679.jpg,646.jpg,754.jpg,76.jpg,729.jpg,392.jpg,675.jpg
112,498.jpg,654.jpg,521.jpg,48.jpg,783.jpg,69.jpg,416.jpg,733.jpg,494.jpg,732.jpg
113,499.jpg,667.jpg,206.jpg,397.jpg,68.jpg,502.jpg,448.jpg,605.jpg,549.jpg,759.jpg
114,5.jpg,744.jpg,659.jpg,491.jpg,534.jpg,702.jpg,56.jpg,547.jpg,75.jpg,666.jpg
115,50.jpg,477.jpg,713.jpg,752.jpg,537.jpg,98.jpg,626.jpg,526.jpg,608.jpg,524.jpg
116,500.jpg,159.jpg,677.jpg,645.jpg,665.jpg,578.jpg,311.jpg,416.jpg,405.jpg,506.jpg
117,501.jpg,260.jpg,613.jpg,52.jpg,669.jpg,520.jpg,301.jpg,609.jpg,600.jpg,107.jpg
118,502.jpg,621.jpg,610.jpg,448.jpg,606.jpg,661.jpg,76.jpg,696.jpg,759.jpg,416.jpg
119,503.jpg,456.jpg,558.jpg,171.jpg,621.jpg,658.jpg,546.jpg,479.jpg,541.jpg,662.jpg
120,504.jpg,58.jpg,574.jpg,681.jpg,66.jpg,419.jpg,391.jpg,720.jpg,336.jpg,421.jpg
121,505.jpg,619.jpg,489.jpg,743.jpg,542.jpg,646.jpg,643.jpg,594.jpg,431.jpg,142.jpg
122,506.jpg,521.jpg,416.jpg,405.jpg,662.jpg,96.jpg,48.jpg,59.jpg,697.jpg,700.jpg
123,507.jpg,405.jpg,542.jpg,585.jpg,602.jpg,530.jpg,697.jpg,771.jpg,64.jpg,525.jpg
124,508.jpg,254.jpg,8.jpg,599.jpg,777.jpg,48.jpg,586.jpg,627.jpg,635.jpg,437.jpg
125,509.jpg,686.jpg,514.jpg,523.jpg,653.jpg,589.jpg,486.jpg,643.jpg,612.jpg,228.jpg
126,51.jpg,754.jpg,665.jpg,111.jpg,322.jpg,748.jpg,392.jpg,142.jpg,484.jpg,54.jpg
127,510.jpg,420.jpg,526.jpg,611.jpg,674.jpg,476.jpg,740.jpg,550.jpg,512.jpg,680.jpg
128,511.jpg,49.jpg,480.jpg,627.jpg,653.jpg,523.jpg,745.jpg,527.jpg,254.jpg,175.jpg
129,512.jpg,510.jpg,565.jpg,592.jpg,490.jpg,476.jpg,232.jpg,649.jpg,581.jpg,70.jpg
130,513.jpg,592.jpg,649.jpg,621.jpg,232.jpg,316.jpg,107.jpg,540.jpg,421.jpg,81.jpg
131,514.jpg,529.jpg,496.jpg,717.jpg,81.jpg,483.jpg,524.jpg,96.jpg,599.jpg,178.jpg
132,515.jpg,74.jpg,673.jpg,642.jpg,656.jpg,552.jpg,684.jpg,57.jpg,594.jpg,41.jpg
133,516.jpg,534.jpg,702.jpg,591.jpg,545.jpg,726.jpg,448.jpg,107.jpg,517.jpg,290.jpg
134,517.jpg,421.jpg,107.jpg,609.jpg,52.jpg,702.jpg,12.jpg,122.jpg,520.jpg,391.jpg
135,518.jpg,609.jpg,95.jpg,624.jpg,421.jpg,520.jpg,48.jpg,107.jpg,679.jpg,723.jpg
136,519.jpg,609.jpg,391.jpg,675.jpg,496.jpg,408.jpg,332.jpg,301.jpg,518.jpg,517.jpg
137,52.jpg,501.jpg,669.jpg,600.jpg,609.jpg,517.jpg,107.jpg,90.jpg,570.jpg,520.jpg
138,520.jpg,501.jpg,600.jpg,107.jpg,613.jpg,609.jpg,52.jpg,260.jpg,301.jpg,716.jpg
139,521.jpg,48.jpg,506.jpg,416.jpg,96.jpg,662.jpg,700.jpg,159.jpg,627.jpg,102.jpg
140,522.jpg,88.jpg,254.jpg,627.jpg,634.jpg,777.jpg,586.jpg,697.jpg,557.jpg,71.jpg
141,523.jpg,175.jpg,653.jpg,49.jpg,62.jpg,487.jpg,96.jpg,612.jpg,431.jpg,511.jpg
142,524.jpg,599.jpg,623.jpg,96.jpg,431.jpg,437.jpg,254.jpg,627.jpg,127.jpg,514.jpg
143,525.jpg,782.jpg,146.jpg,678.jpg,623.jpg,628.jpg,641.jpg,646.jpg,567.jpg,587.jpg
144,526.jpg,420.jpg,510.jpg,483.jpg,550.jpg,640.jpg,717.jpg,529.jpg,612.jpg,730.jpg
145,527.jpg,745.jpg,480.jpg,511.jpg,530.jpg,93.jpg,74.jpg,751.jpg,159.jpg,178.jpg
146,528.jpg,569.jpg,511.jpg,419.jpg,743.jpg,74.jpg,62.jpg,483.jpg,638.jpg,568.jpg
147,529.jpg,483.jpg,486.jpg,266.jpg,559.jpg,140.jpg,514.jpg,717.jpg,178.jpg,687.jpg
148,53.jpg,419.jpg,223.jpg,641.jpg,535.jpg,65.jpg,574.jpg,638.jpg,748.jpg,560.jpg
149,530.jpg,527.jpg,511.jpg,74.jpg,642.jpg,616.jpg,488.jpg,515.jpg,80.jpg,745.jpg
150,531.jpg,672.jpg,728.jpg,749.jpg,522.jpg,57.jpg,686.jpg,661.jpg,559.jpg,416.jpg
151,532.jpg,61.jpg,284.jpg,757.jpg,683.jpg,534.jpg,601.jpg,536.jpg,582.jpg,753.jpg
152,533.jpg,421.jpg,6.jpg,66.jpg,97.jpg,332.jpg,652.jpg,107.jpg,629.jpg,608.jpg
153,534.jpg,545.jpg,702.jpg,609.jpg,448.jpg,591.jpg,52.jpg,438.jpg,517.jpg,516.jpg
154,535.jpg,486.jpg,581.jpg,638.jpg,419.jpg,302.jpg,560.jpg,559.jpg,704.jpg,223.jpg
155,536.jpg,450.jpg,56.jpg,517.jpg,666.jpg,702.jpg,534.jpg,52.jpg,744.jpg,362.jpg
156,537.jpg,752.jpg,700.jpg,651.jpg,550.jpg,90.jpg,50.jpg,740.jpg,477.jpg,448.jpg
157,538.jpg,599.jpg,127.jpg,616.jpg,688.jpg,79.jpg,541.jpg,598.jpg,777.jpg,524.jpg
158,539.jpg,612.jpg,548.jpg,96.jpg,431.jpg,738.jpg,674.jpg,529.jpg,730.jpg,486.jpg
159,54.jpg,748.jpg,392.jpg,679.jpg,496.jpg,92.jpg,41.jpg,612.jpg,598.jpg,723.jpg
160,540.jpg,81.jpg,592.jpg,483.jpg,486.jpg,581.jpg,529.jpg,514.jpg,717.jpg,719.jpg
161,541.jpg,48.jpg,266.jpg,623.jpg,539.jpg,476.jpg,503.jpg,232.jpg,164.jpg,76.jpg
162,542.jpg,619.jpg,765.jpg,62.jpg,743.jpg,557.jpg,505.jpg,772.jpg,676.jpg,630.jpg
163,543.jpg,630.jpg,19.jpg,485.jpg,765.jpg,548.jpg,496.jpg,710.jpg,676.jpg,664.jpg
164,544.jpg,521.jpg,19.jpg,682.jpg,700.jpg,774.jpg,205.jpg,506.jpg,416.jpg,673.jpg
165,545.jpg,438.jpg,534.jpg,307.jpg,609.jpg,591.jpg,702.jpg,689.jpg,448.jpg,90.jpg
166,658.jpg,546.jpg,765.jpg,664.jpg,558.jpg,456.jpg,503.jpg,710.jpg,780.jpg,548.jpg
167,547.jpg,659.jpg,749.jpg,75.jpg,5.jpg,517.jpg,715.jpg,534.jpg,391.jpg,589.jpg
168,548.jpg,676.jpg,19.jpg,175.jpg,539.jpg,72.jpg,62.jpg,302.jpg,316.jpg,738.jpg
169,549.jpg,609.jpg,421.jpg,669.jpg,570.jpg,501.jpg,6.jpg,725.jpg,518.jpg,520.jpg
170,55.jpg,782.jpg,734.jpg,623.jpg,604.jpg,552.jpg,656.jpg,594.jpg,697.jpg,178.jpg
171,550.jpg,700.jpg,478.jpg,266.jpg,697.jpg,526.jpg,612.jpg,680.jpg,752.jpg,57.jpg
172,551.jpg,625.jpg,289.jpg,558.jpg,456.jpg,63.jpg,772.jpg,172.jpg,606.jpg,756.jpg
173,552.jpg,656.jpg,612.jpg,676.jpg,594.jpg,55.jpg,515.jpg,624.jpg,599.jpg,646.jpg
174,553.jpg,700.jpg,558.jpg,456.jpg,48.jpg,79.jpg,606.jpg,496.jpg,607.jpg,95.jpg
175,554.jpg,599.jpg,550.jpg,656.jpg,552.jpg,515.jpg,612.jpg,142.jpg,524.jpg,87.jpg
176,555.jpg,199.jpg,521.jpg,506.jpg,769.jpg,682.jpg,662.jpg,416.jpg,661.jpg,597.jpg
177,556.jpg,284.jpg,694.jpg,336.jpg,671.jpg,97.jpg,533.jpg,757.jpg,61.jpg,450.jpg
178,557.jpg,72.jpg,630.jpg,676.jpg,542.jpg,486.jpg,522.jpg,743.jpg,698.jpg,437.jpg
179,558.jpg,456.jpg,606.jpg,553.jpg,503.jpg,625.jpg,63.jpg,761.jpg,289.jpg,658.jpg
180,559.jpg,486.jpg,764.jpg,529.jpg,314.jpg,483.jpg,535.jpg,749.jpg,484.jpg,704.jpg
181,56.jpg,536.jpg,284.jpg,519.jpg,666.jpg,450.jpg,517.jpg,609.jpg,768.jpg,491.jpg
182,560.jpg,576.jpg,223.jpg,132.jpg,575.jpg,580.jpg,419.jpg,581.jpg,638.jpg,483.jpg
183,561.jpg,79.jpg,761.jpg,49.jpg,60.jpg,102.jpg,625.jpg,736.jpg,175.jpg,456.jpg
184,562.jpg,576.jpg,617.jpg,481.jpg,560.jpg,70.jpg,700.jpg,611.jpg,580.jpg,550.jpg
185,563.jpg,619.jpg,715.jpg,489.jpg,747.jpg,559.jpg,736.jpg,743.jpg,755.jpg,484.jpg
186,564.jpg,164.jpg,688.jpg,627.jpg,521.jpg,416.jpg,544.jpg,529.jpg,661.jpg,622.jpg
187,565.jpg,490.jpg,512.jpg,81.jpg,513.jpg,592.jpg,541.jpg,307.jpg,476.jpg,48.jpg
188,566.jpg,678.jpg,74.jpg,9.jpg,585.jpg,628.jpg,675.jpg,276.jpg,496.jpg,630.jpg
189,567.jpg,739.jpg,9.jpg,539.jpg,612.jpg,738.jpg,646.jpg,479.jpg,525.jpg,623.jpg
190,568.jpg,74.jpg,586.jpg,646.jpg,647.jpg,419.jpg,698.jpg,254.jpg,292.jpg,641.jpg
191,569.jpg,431.jpg,62.jpg,743.jpg,619.jpg,88.jpg,730.jpg,676.jpg,489.jpg,612.jpg
192,57.jpg,697.jpg,612.jpg,515.jpg,550.jpg,420.jpg,266.jpg,728.jpg,59.jpg,738.jpg
193,570.jpg,720.jpg,301.jpg,107.jpg,609.jpg,613.jpg,600.jpg,52.jpg,520.jpg,733.jpg
194,571.jpg,727.jpg,618.jpg,690.jpg,177.jpg,525.jpg,142.jpg,612.jpg,565.jpg,648.jpg
195,572.jpg,183.jpg,284.jpg,669.jpg,582.jpg,757.jpg,438.jpg,206.jpg,549.jpg,448.jpg
196,573.jpg,419.jpg,9.jpg,681.jpg,74.jpg,535.jpg,392.jpg,587.jpg,775.jpg,676.jpg
197,574.jpg,58.jpg,419.jpg,647.jpg,596.jpg,638.jpg,681.jpg,583.jpg,65.jpg,504.jpg
198,575.jpg,223.jpg,560.jpg,576.jpg,535.jpg,638.jpg,419.jpg,543.jpg,581.jpg,486.jpg
199,576.jpg,560.jpg,223.jpg,638.jpg,580.jpg,132.jpg,581.jpg,483.jpg,717.jpg,575.jpg
200,577.jpg,675.jpg,90.jpg,609.jpg,544.jpg,397.jpg,524.jpg,716.jpg,438.jpg,545.jpg
201,578.jpg,311.jpg,616.jpg,597.jpg,688.jpg,634.jpg,511.jpg,500.jpg,527.jpg,568.jpg
202,579.jpg,718.jpg,322.jpg,232.jpg,609.jpg,421.jpg,107.jpg,679.jpg,517.jpg,66.jpg
203,58.jpg,574.jpg,419.jpg,504.jpg,647.jpg,596.jpg,681.jpg,665.jpg,65.jpg,583.jpg
204,580.jpg,576.jpg,560.jpg,223.jpg,638.jpg,540.jpg,419.jpg,70.jpg,81.jpg,537.jpg
205,581.jpg,535.jpg,560.jpg,704.jpg,576.jpg,486.jpg,540.jpg,483.jpg,743.jpg,223.jpg
206,582.jpg,6.jpg,284.jpg,536.jpg,438.jpg,666.jpg,609.jpg,534.jpg,362.jpg,391.jpg
207,583.jpg,93.jpg,647.jpg,745.jpg,665.jpg,678.jpg,574.jpg,645.jpg,58.jpg,646.jpg
208,584.jpg,707.jpg,482.jpg,88.jpg,316.jpg,697.jpg,737.jpg,538.jpg,688.jpg,763.jpg
209,585.jpg,266.jpg,48.jpg,673.jpg,102.jpg,521.jpg,159.jpg,653.jpg,523.jpg,96.jpg
210,586.jpg,254.jpg,437.jpg,627.jpg,599.jpg,8.jpg,480.jpg,684.jpg,87.jpg,645.jpg
211,587.jpg,698.jpg,751.jpg,124.jpg,292.jpg,646.jpg,642.jpg,74.jpg,676.jpg,93.jpg
212,588.jpg,667.jpg,590.jpg,12.jpg,256.jpg,666.jpg,98.jpg,502.jpg,206.jpg,496.jpg
213,589.jpg,62.jpg,316.jpg,653.jpg,96.jpg,612.jpg,634.jpg,686.jpg,687.jpg,539.jpg
214,59.jpg,9.jpg,506.jpg,617.jpg,521.jpg,57.jpg,48.jpg,79.jpg,755.jpg,681.jpg
215,590.jpg,667.jpg,712.jpg,256.jpg,617.jpg,54.jpg,519.jpg,496.jpg,408.jpg,649.jpg
216,591.jpg,534.jpg,545.jpg,448.jpg,516.jpg,438.jpg,52.jpg,726.jpg,600.jpg,759.jpg
217,592.jpg,540.jpg,513.jpg,483.jpg,81.jpg,621.jpg,420.jpg,625.jpg,719.jpg,649.jpg
218,593.jpg,655.jpg,662.jpg,518.jpg,421.jpg,95.jpg,753.jpg,48.jpg,595.jpg,700.jpg
219,594.jpg,552.jpg,656.jpg,737.jpg,55.jpg,691.jpg,515.jpg,734.jpg,41.jpg,616.jpg
220,595.jpg,609.jpg,301.jpg,753.jpg,6.jpg,107.jpg,518.jpg,68.jpg,593.jpg,655.jpg
221,596.jpg,65.jpg,74.jpg,419.jpg,496.jpg,574.jpg,638.jpg,58.jpg,647.jpg,665.jpg
222,597.jpg,578.jpg,199.jpg,555.jpg,688.jpg,69.jpg,783.jpg,140.jpg,522.jpg,640.jpg
223,598.jpg,92.jpg,7.jpg,587.jpg,754.jpg,538.jpg,276.jpg,735.jpg,54.jpg,646.jpg
224,599.jpg,87.jpg,8.jpg,684.jpg,254.jpg,480.jpg,586.jpg,627.jpg,437.jpg,524.jpg
225,6.jpg,68.jpg,66.jpg,391.jpg,609.jpg,301.jpg,652.jpg,753.jpg,332.jpg,759.jpg
226,60.jpg,561.jpg,736.jpg,607.jpg,765.jpg,697.jpg,23.jpg,9.jpg,559.jpg,756.jpg
227,600.jpg,52.jpg,609.jpg,520.jpg,501.jpg,570.jpg,107.jpg,613.jpg,260.jpg,438.jpg
228,601.jpg,667.jpg,362.jpg,122.jpg,694.jpg,582.jpg,781.jpg,284.jpg,757.jpg,6.jpg
229,602.jpg,587.jpg,772.jpg,596.jpg,93.jpg,65.jpg,676.jpg,124.jpg,707.jpg,761.jpg
230,603.jpg,730.jpg,676.jpg,780.jpg,557.jpg,710.jpg,641.jpg,619.jpg,738.jpg,543.jpg
231,604.jpg,55.jpg,734.jpg,616.jpg,431.jpg,612.jpg,552.jpg,656.jpg,782.jpg,569.jpg
232,605.jpg,740.jpg,448.jpg,307.jpg,759.jpg,652.jpg,391.jpg,397.jpg,290.jpg,608.jpg
233,606.jpg,558.jpg,456.jpg,609.jpg,607.jpg,232.jpg,301.jpg,739.jpg,266.jpg,502.jpg
234,607.jpg,606.jpg,392.jpg,60.jpg,79.jpg,92.jpg,553.jpg,479.jpg,592.jpg,9.jpg
235,608.jpg,697.jpg,66.jpg,397.jpg,759.jpg,177.jpg,391.jpg,652.jpg,90.jpg,316.jpg
236,609.jpg,107.jpg,301.jpg,518.jpg,600.jpg,517.jpg,501.jpg,421.jpg,52.jpg,438.jpg
237,61.jpg,94.jpg,722.jpg,638.jpg,419.jpg,717.jpg,96.jpg,728.jpg,97.jpg,675.jpg
238,610.jpg,502.jpg,631.jpg,9.jpg,756.jpg,289.jpg,755.jpg,551.jpg,658.jpg,546.jpg
239,611.jpg,510.jpg,420.jpg,526.jpg,740.jpg,550.jpg,752.jpg,232.jpg,661.jpg,769.jpg
240,612.jpg,738.jpg,62.jpg,523.jpg,552.jpg,656.jpg,482.jpg,730.jpg,675.jpg,539.jpg
241,613.jpg,501.jpg,260.jpg,570.jpg,520.jpg,600.jpg,720.jpg,301.jpg,669.jpg,52.jpg
242,614.jpg,65.jpg,74.jpg,596.jpg,637.jpg,527.jpg,528.jpg,292.jpg,525.jpg,717.jpg
243,615.jpg,554.jpg,612.jpg,623.jpg,509.jpg,616.jpg,606.jpg,782.jpg,496.jpg,748.jpg
244,616.jpg,19.jpg,485.jpg,594.jpg,656.jpg,552.jpg,604.jpg,578.jpg,80.jpg,55.jpg
245,617.jpg,48.jpg,681.jpg,232.jpg,761.jpg,59.jpg,643.jpg,9.jpg,700.jpg,548.jpg
246,618.jpg,727.jpg,724.jpg,697.jpg,95.jpg,571.jpg,496.jpg,405.jpg,169.jpg,624.jpg
247,619.jpg,489.jpg,743.jpg,563.jpg,62.jpg,505.jpg,642.jpg,542.jpg,392.jpg,266.jpg
248,62.jpg,653.jpg,523.jpg,431.jpg,738.jpg,612.jpg,96.jpg,589.jpg,175.jpg,619.jpg
249,620.jpg,62.jpg,392.jpg,619.jpg,755.jpg,289.jpg,41.jpg,607.jpg,715.jpg,679.jpg
250,621.jpg,719.jpg,502.jpg,232.jpg,316.jpg,483.jpg,592.jpg,513.jpg,420.jpg,448.jpg
251,622.jpg,634.jpg,627.jpg,83.jpg,639.jpg,416.jpg,514.jpg,494.jpg,316.jpg,503.jpg
252,623.jpg,782.jpg,734.jpg,55.jpg,599.jpg,524.jpg,717.jpg,739.jpg,292.jpg,627.jpg
253,624.jpg,95.jpg,48.jpg,518.jpg,656.jpg,552.jpg,496.jpg,612.jpg,697.jpg,515.jpg
254,625.jpg,756.jpg,761.jpg,662.jpg,561.jpg,551.jpg,592.jpg,558.jpg,456.jpg,172.jpg
255,626.jpg,332.jpg,307.jpg,66.jpg,90.jpg,752.jpg,391.jpg,695.jpg,421.jpg,759.jpg
256,627.jpg,254.jpg,586.jpg,599.jpg,88.jpg,511.jpg,521.jpg,178.jpg,684.jpg,634.jpg
257,628.jpg,775.jpg,646.jpg,525.jpg,678.jpg,766.jpg,566.jpg,276.jpg,9.jpg,568.jpg
258,629.jpg,332.jpg,533.jpg,98.jpg,448.jpg,600.jpg,759.jpg,6.jpg,256.jpg,122.jpg
259,63.jpg,772.jpg,761.jpg,172.jpg,456.jpg,558.jpg,625.jpg,289.jpg,551.jpg,741.jpg
260,630.jpg,780.jpg,557.jpg,664.jpg,543.jpg,710.jpg,765.jpg,646.jpg,72.jpg,292.jpg
261,631.jpg,610.jpg,756.jpg,59.jpg,506.jpg,617.jpg,416.jpg,755.jpg,316.jpg,551.jpg
262,632.jpg,684.jpg,637.jpg,74.jpg,65.jpg,596.jpg,521.jpg,527.jpg,635.jpg,124.jpg
263,633.jpg,677.jpg,511.jpg,311.jpg,578.jpg,717.jpg,528.jpg,496.jpg,647.jpg,665.jpg
264,634.jpg,272.jpg,627.jpg,254.jpg,622.jpg,661.jpg,431.jpg,653.jpg,522.jpg,589.jpg
265,635.jpg,124.jpg,698.jpg,8.jpg,665.jpg,751.jpg,645.jpg,647.jpg,642.jpg,673.jpg
266,636.jpg,232.jpg,6.jpg,600.jpg,669.jpg,421.jpg,609.jpg,774.jpg,570.jpg,90.jpg
267,637.jpg,684.jpg,74.jpg,87.jpg,599.jpg,8.jpg,734.jpg,437.jpg,515.jpg,254.jpg
268,638.jpg,419.jpg,576.jpg,535.jpg,223.jpg,580.jpg,560.jpg,486.jpg,574.jpg,596.jpg
269,639.jpg,83.jpg,91.jpg,784.jpg,756.jpg,622.jpg,634.jpg,625.jpg,682.jpg,592.jpg
270,64.jpg,698.jpg,751.jpg,632.jpg,77.jpg,737.jpg,647.jpg,159.jpg,557.jpg,486.jpg
271,640.jpg,526.jpg,476.jpg,700.jpg,266.jpg,416.jpg,686.jpg,478.jpg,529.jpg,232.jpg
272,641.jpg,647.jpg,767.jpg,646.jpg,146.jpg,124.jpg,496.jpg,675.jpg,748.jpg,665.jpg
273,642.jpg,698.jpg,41.jpg,736.jpg,140.jpg,515.jpg,619.jpg,523.jpg,49.jpg,74.jpg
274,643.jpg,772.jpg,696.jpg,681.jpg,743.jpg,738.jpg,62.jpg,431.jpg,617.jpg,496.jpg
275,644.jpg,482.jpg,584.jpg,342.jpg,111.jpg,707.jpg,281.jpg,479.jpg,284.jpg,609.jpg
276,645.jpg,292.jpg,159.jpg,586.jpg,647.jpg,635.jpg,587.jpg,642.jpg,93.jpg,480.jpg
277,646.jpg,292.jpg,587.jpg,678.jpg,698.jpg,676.jpg,623.jpg,656.jpg,552.jpg,568.jpg
278,647.jpg,665.jpg,124.jpg,641.jpg,645.jpg,583.jpg,635.jpg,58.jpg,745.jpg,574.jpg
279,648.jpg,733.jpg,95.jpg,478.jpg,624.jpg,570.jpg,107.jpg,716.jpg,600.jpg,608.jpg
280,649.jpg,513.jpg,689.jpg,592.jpg,687.jpg,621.jpg,81.jpg,486.jpg,260.jpg,719.jpg
281,65.jpg,596.jpg,419.jpg,74.jpg,496.jpg,614.jpg,574.jpg,638.jpg,665.jpg,58.jpg
282,650.jpg,677.jpg,773.jpg,587.jpg,314.jpg,676.jpg,169.jpg,85.jpg,678.jpg,748.jpg
283,651.jpg,90.jpg,700.jpg,307.jpg,752.jpg,537.jpg,669.jpg,759.jpg,397.jpg,626.jpg
284,652.jpg,66.jpg,290.jpg,759.jpg,307.jpg,608.jpg,391.jpg,397.jpg,90.jpg,609.jpg
285,653.jpg,523.jpg,62.jpg,96.jpg,49.jpg,175.jpg,416.jpg,511.jpg,589.jpg,431.jpg
286,654.jpg,760.jpg,728.jpg,498.jpg,359.jpg,749.jpg,314.jpg,655.jpg,783.jpg,69.jpg
287,655.jpg,593.jpg,95.jpg,662.jpg,518.jpg,48.jpg,679.jpg,595.jpg,421.jpg,307.jpg
288,552.jpg,656.jpg,612.jpg,676.jpg,594.jpg,55.jpg,515.jpg,624.jpg,599.jpg,646.jpg
289,657.jpg,122.jpg,477.jpg,97.jpg,713.jpg,694.jpg,6.jpg,50.jpg,533.jpg,332.jpg
290,658.jpg,546.jpg,765.jpg,664.jpg,558.jpg,456.jpg,503.jpg,710.jpg,780.jpg,548.jpg
291,659.jpg,778.jpg,6.jpg,301.jpg,600.jpg,686.jpg,762.jpg,391.jpg,652.jpg,232.jpg
292,66.jpg,759.jpg,421.jpg,391.jpg,608.jpg,652.jpg,397.jpg,6.jpg,697.jpg,609.jpg
293,660.jpg,519.jpg,679.jpg,558.jpg,456.jpg,503.jpg,392.jpg,236.jpg,592.jpg,63.jpg
294,661.jpg,416.jpg,634.jpg,448.jpg,769.jpg,752.jpg,756.jpg,502.jpg,640.jpg,689.jpg
295,662.jpg,521.jpg,506.jpg,416.jpg,625.jpg,421.jpg,762.jpg,593.jpg,290.jpg,96.jpg
296,663.jpg,521.jpg,506.jpg,307.jpg,544.jpg,67.jpg,708.jpg,652.jpg,700.jpg,740.jpg
297,664.jpg,710.jpg,780.jpg,765.jpg,72.jpg,658.jpg,546.jpg,630.jpg,485.jpg,676.jpg
298,665.jpg,647.jpg,635.jpg,698.jpg,124.jpg,587.jpg,678.jpg,646.jpg,583.jpg,596.jpg
299,666.jpg,702.jpg,12.jpg,517.jpg,609.jpg,450.jpg,518.jpg,744.jpg,536.jpg,667.jpg
300,667.jpg,517.jpg,12.jpg,600.jpg,362.jpg,609.jpg,520.jpg,534.jpg,122.jpg,716.jpg
301,668.jpg,561.jpg,771.jpg,79.jpg,699.jpg,504.jpg,670.jpg,714.jpg,512.jpg,776.jpg
302,669.jpg,501.jpg,52.jpg,90.jpg,260.jpg,613.jpg,651.jpg,549.jpg,6.jpg,520.jpg
303,67.jpg,708.jpg,496.jpg,682.jpg,521.jpg,19.jpg,307.jpg,48.jpg,663.jpg,544.jpg
304,670.jpg,517.jpg,491.jpg,502.jpg,584.jpg,644.jpg,666.jpg,12.jpg,702.jpg,679.jpg
305,671.jpg,494.jpg,556.jpg,590.jpg,598.jpg,395.jpg,655.jpg,644.jpg,682.jpg,284.jpg
306,672.jpg,531.jpg,661.jpg,486.jpg,640.jpg,689.jpg,559.jpg,529.jpg,520.jpg,634.jpg
307,673.jpg,515.jpg,585.jpg,521.jpg,642.jpg,635.jpg,738.jpg,612.jpg,124.jpg,48.jpg
308,674.jpg,680.jpg,719.jpg,752.jpg,496.jpg,486.jpg,539.jpg,420.jpg,550.jpg,48.jpg
309,675.jpg,496.jpg,612.jpg,679.jpg,96.jpg,479.jpg,519.jpg,647.jpg,676.jpg,656.jpg
310,676.jpg,548.jpg,724.jpg,552.jpg,656.jpg,751.jpg,707.jpg,72.jpg,431.jpg,730.jpg
311,677.jpg,650.jpg,773.jpg,665.jpg,9.jpg,681.jpg,496.jpg,574.jpg,59.jpg,65.jpg
312,678.jpg,646.jpg,775.jpg,665.jpg,566.jpg,698.jpg,583.jpg,525.jpg,628.jpg,292.jpg
313,679.jpg,392.jpg,675.jpg,612.jpg,725.jpg,715.jpg,96.jpg,479.jpg,518.jpg,48.jpg
314,68.jpg,6.jpg,206.jpg,301.jpg,600.jpg,595.jpg,753.jpg,66.jpg,669.jpg,609.jpg
315,680.jpg,674.jpg,752.jpg,550.jpg,719.jpg,420.jpg,686.jpg,526.jpg,483.jpg,486.jpg
316,681.jpg,9.jpg,617.jpg,643.jpg,696.jpg,59.jpg,574.jpg,58.jpg,743.jpg,761.jpg
317,682.jpg,494.jpg,544.jpg,496.jpg,19.jpg,521.jpg,708.jpg,67.jpg,199.jpg,555.jpg
318,683.jpg,301.jpg,501.jpg,570.jpg,753.jpg,549.jpg,613.jpg,52.jpg,68.jpg,520.jpg
319,684.jpg,599.jpg,87.jpg,254.jpg,8.jpg,437.jpg,637.jpg,586.jpg,627.jpg,734.jpg
320,685.jpg,480.jpg,254.jpg,630.jpg,645.jpg,437.jpg,511.jpg,8.jpg,745.jpg,178.jpg
321,686.jpg,416.jpg,733.jpg,653.jpg,717.jpg,680.jpg,612.jpg,96.jpg,550.jpg,486.jpg
322,687.jpg,529.jpg,266.jpg,483.jpg,589.jpg,649.jpg,592.jpg,539.jpg,689.jpg,514.jpg
323,688.jpg,487.jpg,159.jpg,41.jpg,140.jpg,523.jpg,642.jpg,49.jpg,686.jpg,506.jpg
324,689.jpg,649.jpg,307.jpg,661.jpg,687.jpg,545.jpg,513.jpg,57.jpg,266.jpg,529.jpg
325,69.jpg,783.jpg,493.jpg,140.jpg,733.jpg,8.jpg,642.jpg,514.jpg,87.jpg,96.jpg
326,690.jpg,78.jpg,571.jpg,525.jpg,592.jpg,512.jpg,42.jpg,613.jpg,528.jpg,369.jpg
327,691.jpg,594.jpg,734.jpg,55.jpg,88.jpg,737.jpg,484.jpg,625.jpg,756.jpg,569.jpg
328,692.jpg,538.jpg,739.jpg,615.jpg,127.jpg,640.jpg,714.jpg,476.jpg,322.jpg,541.jpg
329,693.jpg,109.jpg,272.jpg,509.jpg,615.jpg,41.jpg,612.jpg,514.jpg,675.jpg,94.jpg
330,694.jpg,122.jpg,332.jpg,97.jpg,556.jpg,6.jpg,778.jpg,519.jpg,284.jpg,301.jpg
331,695.jpg,700.jpg,307.jpg,421.jpg,391.jpg,626.jpg,332.jpg,770.jpg,518.jpg,90.jpg
332,696.jpg,266.jpg,643.jpg,70.jpg,232.jpg,526.jpg,681.jpg,738.jpg,612.jpg,674.jpg
333,697.jpg,608.jpg,57.jpg,550.jpg,612.jpg,66.jpg,178.jpg,41.jpg,730.jpg,642.jpg
334,698.jpg,751.jpg,642.jpg,124.jpg,587.jpg,635.jpg,74.jpg,646.jpg,178.jpg,676.jpg
335,699.jpg,643.jpg,756.jpg,772.jpg,739.jpg,172.jpg,489.jpg,755.jpg,711.jpg,704.jpg
336,7.jpg,23.jpg,159.jpg,598.jpg,766.jpg,521.jpg,619.jpg,642.jpg,59.jpg,628.jpg
337,70.jpg,696.jpg,738.jpg,608.jpg,674.jpg,307.jpg,57.jpg,560.jpg,612.jpg,562.jpg
338,700.jpg,48.jpg,416.jpg,550.jpg,521.jpg,553.jpg,478.jpg,695.jpg,96.jpg,102.jpg
339,701.jpg,732.jpg,477.jpg,50.jpg,733.jpg,713.jpg,752.jpg,686.jpg,509.jpg,746.jpg
340,702.jpg,517.jpg,534.jpg,609.jpg,516.jpg,545.jpg,666.jpg,438.jpg,716.jpg,256.jpg
341,703.jpg,729.jpg,696.jpg,619.jpg,76.jpg,722.jpg,606.jpg,289.jpg,142.jpg,236.jpg
342,704.jpg,481.jpg,581.jpg,764.jpg,535.jpg,302.jpg,539.jpg,576.jpg,560.jpg,559.jpg
343,705.jpg,437.jpg,254.jpg,205.jpg,419.jpg,586.jpg,480.jpg,272.jpg,514.jpg,751.jpg
344,706.jpg,606.jpg,607.jpg,658.jpg,546.jpg,9.jpg,707.jpg,76.jpg,609.jpg,558.jpg
345,707.jpg,676.jpg,584.jpg,72.jpg,437.jpg,74.jpg,19.jpg,515.jpg,482.jpg,710.jpg
346,67.jpg,708.jpg,496.jpg,682.jpg,521.jpg,19.jpg,307.jpg,48.jpg,663.jpg,544.jpg
347,709.jpg,591.jpg,448.jpg,502.jpg,768.jpg,146.jpg,666.jpg,545.jpg,558.jpg,456.jpg
348,71.jpg,335.jpg,697.jpg,522.jpg,41.jpg,612.jpg,559.jpg,484.jpg,715.jpg,314.jpg
349,710.jpg,664.jpg,780.jpg,72.jpg,765.jpg,485.jpg,630.jpg,676.jpg,548.jpg,543.jpg
350,711.jpg,484.jpg,736.jpg,664.jpg,741.jpg,172.jpg,634.jpg,60.jpg,756.jpg,559.jpg
351,712.jpg,606.jpg,590.jpg,505.jpg,623.jpg,301.jpg,667.jpg,594.jpg,609.jpg,362.jpg
352,713.jpg,50.jpg,477.jpg,752.jpg,537.jpg,626.jpg,98.jpg,90.jpg,524.jpg,526.jpg
353,714.jpg,723.jpg,95.jpg,518.jpg,73.jpg,358.jpg,735.jpg,421.jpg,609.jpg,662.jpg
354,715.jpg,563.jpg,679.jpg,619.jpg,57.jpg,697.jpg,71.jpg,589.jpg,286.jpg,642.jpg
355,716.jpg,733.jpg,52.jpg,520.jpg,609.jpg,517.jpg,107.jpg,524.jpg,600.jpg,69.jpg
356,717.jpg,623.jpg,529.jpg,483.jpg,526.jpg,686.jpg,514.jpg,612.jpg,420.jpg,576.jpg
357,718.jpg,579.jpg,609.jpg,391.jpg,517.jpg,66.jpg,608.jpg,421.jpg,98.jpg,232.jpg
358,719.jpg,674.jpg,420.jpg,81.jpg,621.jpg,680.jpg,560.jpg,483.jpg,515.jpg,486.jpg
359,72.jpg,710.jpg,664.jpg,548.jpg,557.jpg,676.jpg,780.jpg,765.jpg,485.jpg,630.jpg
360,720.jpg,570.jpg,90.jpg,613.jpg,107.jpg,652.jpg,232.jpg,421.jpg,301.jpg,97.jpg
361,721.jpg,215.jpg,369.jpg,689.jpg,12.jpg,565.jpg,613.jpg,597.jpg,784.jpg,512.jpg
362,722.jpg,313.jpg,728.jpg,489.jpg,483.jpg,703.jpg,358.jpg,82.jpg,735.jpg,431.jpg
363,723.jpg,421.jpg,107.jpg,518.jpg,662.jpg,95.jpg,624.jpg,725.jpg,513.jpg,679.jpg
364,724.jpg,676.jpg,331.jpg,623.jpg,19.jpg,552.jpg,656.jpg,548.jpg,585.jpg,62.jpg
365,725.jpg,679.jpg,421.jpg,675.jpg,720.jpg,518.jpg,723.jpg,496.jpg,609.jpg,517.jpg
366,726.jpg,752.jpg,680.jpg,770.jpg,652.jpg,516.jpg,591.jpg,307.jpg,90.jpg,537.jpg
367,727.jpg,571.jpg,618.jpg,78.jpg,690.jpg,697.jpg,656.jpg,552.jpg,724.jpg,490.jpg
368,728.jpg,749.jpg,612.jpg,57.jpg,722.jpg,522.jpg,41.jpg,589.jpg,392.jpg,531.jpg
369,729.jpg,703.jpg,142.jpg,594.jpg,140.jpg,505.jpg,552.jpg,656.jpg,76.jpg,737.jpg
370,73.jpg,517.jpg,679.jpg,725.jpg,723.jpg,421.jpg,749.jpg,662.jpg,322.jpg,171.jpg
371,730.jpg,612.jpg,738.jpg,431.jpg,676.jpg,697.jpg,550.jpg,539.jpg,734.jpg,266.jpg
372,731.jpg,766.jpg,331.jpg,775.jpg,628.jpg,642.jpg,59.jpg,598.jpg,623.jpg,19.jpg
373,732.jpg,701.jpg,746.jpg,654.jpg,498.jpg,421.jpg,97.jpg,655.jpg,649.jpg,504.jpg
374,733.jpg,686.jpg,416.jpg,494.jpg,96.jpg,716.jpg,478.jpg,653.jpg,514.jpg,648.jpg
375,734.jpg,623.jpg,55.jpg,782.jpg,178.jpg,599.jpg,684.jpg,717.jpg,88.jpg,604.jpg
376,735.jpg,646.jpg,93.jpg,431.jpg,676.jpg,679.jpg,171.jpg,722.jpg,124.jpg,485.jpg
377,736.jpg,756.jpg,484.jpg,642.jpg,741.jpg,60.jpg,697.jpg,9.jpg,561.jpg,49.jpg
378,737.jpg,140.jpg,594.jpg,178.jpg,734.jpg,697.jpg,487.jpg,55.jpg,730.jpg,550.jpg
379,738.jpg,612.jpg,62.jpg,266.jpg,431.jpg,730.jpg,743.jpg,539.jpg,548.jpg,96.jpg
380,739.jpg,623.jpg,567.jpg,92.jpg,606.jpg,581.jpg,782.jpg,612.jpg,676.jpg,302.jpg
381,74.jpg,515.jpg,751.jpg,637.jpg,419.jpg,596.jpg,698.jpg,65.jpg,642.jpg,568.jpg
382,740.jpg,448.jpg,397.jpg,605.jpg,510.jpg,611.jpg,769.jpg,608.jpg,759.jpg,307.jpg
383,741.jpg,736.jpg,711.jpg,172.jpg,625.jpg,484.jpg,102.jpg,49.jpg,9.jpg,756.jpg
384,742.jpg,492.jpg,649.jpg,502.jpg,774.jpg,613.jpg,236.jpg,570.jpg,369.jpg,520.jpg
385,743.jpg,619.jpg,9.jpg,266.jpg,62.jpg,738.jpg,489.jpg,642.jpg,643.jpg,581.jpg
386,744.jpg,666.jpg,534.jpg,536.jpg,669.jpg,5.jpg,256.jpg,52.jpg,659.jpg,12.jpg
387,745.jpg,527.jpg,480.jpg,511.jpg,93.jpg,587.jpg,292.jpg,583.jpg,647.jpg,178.jpg
388,746.jpg,732.jpg,509.jpg,701.jpg,783.jpg,69.jpg,50.jpg,477.jpg,514.jpg,96.jpg
389,747.jpg,563.jpg,679.jpg,505.jpg,619.jpg,489.jpg,92.jpg,484.jpg,503.jpg,236.jpg
390,748.jpg,496.jpg,643.jpg,479.jpg,54.jpg,641.jpg,594.jpg,124.jpg,656.jpg,552.jpg
391,749.jpg,728.jpg,559.jpg,314.jpg,722.jpg,531.jpg,57.jpg,71.jpg,486.jpg,73.jpg
392,75.jpg,553.jpg,558.jpg,456.jpg,519.jpg,95.jpg,171.jpg,496.jpg,534.jpg,739.jpg
393,750.jpg,735.jpg,431.jpg,579.jpg,647.jpg,646.jpg,93.jpg,358.jpg,395.jpg,722.jpg
394,751.jpg,698.jpg,74.jpg,587.jpg,676.jpg,93.jpg,437.jpg,635.jpg,642.jpg,124.jpg
395,752.jpg,537.jpg,90.jpg,680.jpg,674.jpg,550.jpg,307.jpg,713.jpg,50.jpg,661.jpg
396,753.jpg,6.jpg,301.jpg,290.jpg,595.jpg,609.jpg,518.jpg,593.jpg,600.jpg,68.jpg
397,754.jpg,51.jpg,598.jpg,142.jpg,322.jpg,679.jpg,392.jpg,54.jpg,646.jpg,735.jpg
398,755.jpg,775.jpg,59.jpg,9.jpg,736.jpg,89.jpg,743.jpg,563.jpg,234.jpg,610.jpg
399,756.jpg,736.jpg,172.jpg,625.jpg,484.jpg,49.jpg,529.jpg,416.jpg,506.jpg,661.jpg
400,757.jpg,183.jpg,122.jpg,97.jpg,667.jpg,450.jpg,694.jpg,336.jpg,61.jpg,12.jpg
401,758.jpg,587.jpg,55.jpg,23.jpg,88.jpg,734.jpg,698.jpg,124.jpg,745.jpg,681.jpg
402,759.jpg,66.jpg,391.jpg,397.jpg,448.jpg,652.jpg,608.jpg,290.jpg,421.jpg,332.jpg
403,76.jpg,703.jpg,606.jpg,607.jpg,502.jpg,541.jpg,289.jpg,729.jpg,558.jpg,456.jpg
404,760.jpg,654.jpg,359.jpg,119.jpg,314.jpg,269.jpg,639.jpg,78.jpg,169.jpg,559.jpg
405,761.jpg,49.jpg,561.jpg,175.jpg,625.jpg,772.jpg,617.jpg,102.jpg,523.jpg,700.jpg
406,762.jpg,301.jpg,391.jpg,290.jpg,662.jpg,570.jpg,759.jpg,640.jpg,740.jpg,720.jpg
407,763.jpg,322.jpg,41.jpg,624.jpg,674.jpg,515.jpg,673.jpg,680.jpg,697.jpg,316.jpg
408,764.jpg,559.jpg,704.jpg,483.jpg,529.jpg,539.jpg,581.jpg,484.jpg,739.jpg,576.jpg
409,765.jpg,664.jpg,710.jpg,780.jpg,546.jpg,658.jpg,542.jpg,676.jpg,72.jpg,630.jpg
410,766.jpg,731.jpg,775.jpg,628.jpg,276.jpg,331.jpg,542.jpg,7.jpg,23.jpg,755.jpg
411,767.jpg,641.jpg,599.jpg,87.jpg,524.jpg,276.jpg,552.jpg,656.jpg,568.jpg,8.jpg
412,768.jpg,491.jpg,661.jpg,448.jpg,56.jpg,206.jpg,564.jpg,502.jpg,416.jpg,536.jpg
413,769.jpg,661.jpg,740.jpg,199.jpg,555.jpg,611.jpg,634.jpg,762.jpg,510.jpg,448.jpg
414,77.jpg,642.jpg,647.jpg,736.jpg,550.jpg,506.jpg,510.jpg,684.jpg,41.jpg,680.jpg
415,770.jpg,700.jpg,416.jpg,752.jpg,483.jpg,307.jpg,521.jpg,680.jpg,506.jpg,486.jpg
416,771.jpg,710.jpg,772.jpg,765.jpg,775.jpg,59.jpg,567.jpg,664.jpg,643.jpg,543.jpg
417,772.jpg,773.jpg,63.jpg,761.jpg,643.jpg,289.jpg,542.jpg,780.jpg,9.jpg,172.jpg
418,773.jpg,772.jpg,650.jpg,677.jpg,587.jpg,678.jpg,525.jpg,780.jpg,761.jpg,681.jpg
419,774.jpg,544.jpg,456.jpg,558.jpg,510.jpg,625.jpg,92.jpg,700.jpg,695.jpg,611.jpg
420,775.jpg,755.jpg,9.jpg,628.jpg,678.jpg,766.jpg,59.jpg,736.jpg,292.jpg,505.jpg
421,776.jpg,269.jpg,704.jpg,576.jpg,539.jpg,764.jpg,560.jpg,314.jpg,302.jpg,512.jpg
422,777.jpg,254.jpg,599.jpg,522.jpg,508.jpg,635.jpg,8.jpg,586.jpg,124.jpg,431.jpg
423,778.jpg,659.jpg,122.jpg,609.jpg,301.jpg,6.jpg,362.jpg,391.jpg,520.jpg,517.jpg
424,779.jpg,736.jpg,60.jpg,711.jpg,775.jpg,23.jpg,561.jpg,756.jpg,642.jpg,563.jpg
425,78.jpg,476.jpg,690.jpg,177.jpg,528.jpg,266.jpg,512.jpg,307.jpg,493.jpg,510.jpg
426,780.jpg,664.jpg,710.jpg,485.jpg,72.jpg,630.jpg,765.jpg,676.jpg,772.jpg,646.jpg
427,781.jpg,733.jpg,582.jpg,6.jpg,648.jpg,122.jpg,206.jpg,716.jpg,601.jpg,520.jpg
428,782.jpg,623.jpg,55.jpg,734.jpg,717.jpg,599.jpg,684.jpg,646.jpg,525.jpg,739.jpg
429,69.jpg,783.jpg,493.jpg,140.jpg,733.jpg,8.jpg,642.jpg,514.jpg,87.jpg,96.jpg
430,784.jpg,91.jpg,83.jpg,639.jpg,164.jpg,140.jpg,529.jpg,599.jpg,691.jpg,622.jpg
431,79.jpg,561.jpg,102.jpg,553.jpg,49.jpg,607.jpg,59.jpg,558.jpg,456.jpg,625.jpg
432,8.jpg,599.jpg,254.jpg,87.jpg,586.jpg,684.jpg,480.jpg,437.jpg,635.jpg,508.jpg
433,80.jpg,616.jpg,93.jpg,331.jpg,178.jpg,568.jpg,761.jpg,527.jpg,19.jpg,745.jpg
434,81.jpg,540.jpg,719.jpg,483.jpg,420.jpg,592.jpg,514.jpg,717.jpg,486.jpg,674.jpg
435,82.jpg,85.jpg,483.jpg,722.jpg,223.jpg,717.jpg,529.jpg,528.jpg,140.jpg,619.jpg
436,83.jpg,639.jpg,784.jpg,91.jpg,622.jpg,627.jpg,164.jpg,88.jpg,494.jpg,594.jpg
437,84.jpg,232.jpg,696.jpg,48.jpg,606.jpg,177.jpg,476.jpg,624.jpg,95.jpg,776.jpg
438,85.jpg,82.jpg,483.jpg,722.jpg,55.jpg,619.jpg,734.jpg,717.jpg,526.jpg,567.jpg
439,86.jpg,665.jpg,754.jpg,641.jpg,51.jpg,124.jpg,679.jpg,730.jpg,647.jpg,643.jpg
440,87.jpg,599.jpg,684.jpg,8.jpg,254.jpg,480.jpg,637.jpg,586.jpg,437.jpg,74.jpg
441,88.jpg,627.jpg,431.jpg,522.jpg,612.jpg,482.jpg,529.jpg,62.jpg,734.jpg,599.jpg
442,89.jpg,755.jpg,756.jpg,172.jpg,736.jpg,628.jpg,772.jpg,563.jpg,484.jpg,699.jpg
443,9.jpg,681.jpg,59.jpg,743.jpg,775.jpg,266.jpg,736.jpg,676.jpg,617.jpg,761.jpg
444,90.jpg,651.jpg,752.jpg,421.jpg,720.jpg,669.jpg,397.jpg,232.jpg,307.jpg,52.jpg
445,91.jpg,784.jpg,639.jpg,83.jpg,529.jpg,164.jpg,540.jpg,140.jpg,599.jpg,487.jpg
446,92.jpg,739.jpg,623.jpg,607.jpg,142.jpg,598.jpg,48.jpg,658.jpg,546.jpg,640.jpg
447,93.jpg,583.jpg,751.jpg,745.jpg,587.jpg,178.jpg,527.jpg,74.jpg,124.jpg,645.jpg
448,94.jpg,675.jpg,61.jpg,392.jpg,408.jpg,612.jpg,667.jpg,62.jpg,681.jpg,679.jpg
449,95.jpg,496.jpg,48.jpg,518.jpg,307.jpg,624.jpg,421.jpg,66.jpg,609.jpg,697.jpg
450,96.jpg,416.jpg,653.jpg,521.jpg,523.jpg,62.jpg,175.jpg,733.jpg,524.jpg,589.jpg
451,97.jpg,336.jpg,332.jpg,391.jpg,421.jpg,720.jpg,66.jpg,517.jpg,107.jpg,520.jpg
452,98.jpg,448.jpg,740.jpg,661.jpg,718.jpg,534.jpg,81.jpg,477.jpg,544.jpg,316.jpg
453,99.jpg,756.jpg,691.jpg,761.jpg,774.jpg,562.jpg,611.jpg,232.jpg,617.jpg,89.jpg
